family,seed,model,n_features,n_train,n_test,fit_seconds,mape,r2_raw,r2_log,tau
butter_e,42,linear,18,29628,7427,0.131890255999906,0.7431490509709489,0.5789357876486239,0.6772543049653814,0.6487963511380798
butter_e,42,rf,18,29628,7427,12.457469354000068,0.1164953866349477,0.951990048392449,0.9762993050963875,0.9270599422159123
butter_e,42,xgb,18,29628,7427,0.6671207480001158,0.09639085004076733,0.9710241611613702,0.9835033987100318,0.9324507194969889
butter_e,42,mlp,18,29628,7427,102.77256576600007,0.11983817836320629,0.959568236447503,0.9745950845278938,0.9190317718944021
butter_e,0,linear,18,29659,7396,0.01587001000007149,0.7260342088084432,0.6265444596633789,0.6717908229893303,0.6478563305707861
butter_e,0,rf,18,29659,7396,11.90778755999986,0.09565501473008087,0.9674765595233823,0.983561402039701,0.9309326699585152
butter_e,0,xgb,18,29659,7396,0.5972486460000255,0.09135367997797228,0.9751070594964876,0.9859963599244908,0.934579932159849
butter_e,0,mlp,18,29659,7396,1216.916788538,0.12136536367035368,0.9694999077301135,0.9773994821422691,0.9201800567599623
butter_e,1,linear,18,29664,7391,0.03241541000033976,0.7360800139964745,0.5989769339119528,0.6696903674348454,0.6425319043751534
butter_e,1,rf,18,29664,7391,21.300802245999876,0.0948349606289225,0.9480968466304841,0.9838591178115519,0.9327895873230932
butter_e,1,xgb,18,29664,7391,11.321948323000015,0.0895091637209598,0.9679284601527037,0.9865260958390167,0.9366098353229544
butter_e,1,mlp,18,29664,7391,467.684214417,0.11346831271639073,0.9465394810408734,0.976942014702399,0.9214979704666507
butter_e,2,linear,18,29563,7492,0.033909788000073604,0.7430944881430697,0.5764986377846046,0.6796659168188132,0.6516035698239091
butter_e,2,rf,18,29563,7492,11.034230724999816,0.09564189424913669,0.9648101841024649,0.9844771980252374,0.9336549559143862
butter_e,2,xgb,18,29563,7492,0.6011896240001988,0.09167563138529368,0.9743131557705265,0.9862580597381394,0.9353719788006918
butter_e,2,mlp,18,29563,7492,87.26190399300003,0.11812931548028553,0.9670210983994313,0.9772617176435436,0.9192076840160237
butter_e,3,linear,18,29570,7485,0.018325494999771763,0.7388302558078931,0.5711686773652873,0.6776698715211686,0.6460500626654803
butter_e,3,rf,18,29570,7485,11.020838162000018,0.09641237889151631,0.9629902828927737,0.9833659927247674,0.9311662841289875
butter_e,3,xgb,18,29570,7485,0.5005220230000305,0.09172914872086901,0.9705564875948429,0.9856812860694926,0.934805970270502
butter_e,3,mlp,18,29570,7485,88.20389410400003,0.1161367475582783,0.9550177668842517,0.974835661137976,0.9187528061179477
ec_nas,42,linear,8,2025,507,0.001985913999760669,0.1915237779100499,0.5784803657552038,0.5617209443135247,0.6174368157606901
ec_nas,42,rf,8,2025,507,0.6053084690001924,0.058404573671767004,0.9605987724270868,0.9533393961170012,0.8485998119556634
ec_nas,42,xgb,8,2025,507,0.11470145800012688,0.05853341723666899,0.9608973172187948,0.9535474926972249,0.850790553054779
ec_nas,42,mlp,8,2025,507,6.499141141999644,0.06818816999742942,0.9489235792842429,0.9402408679174299,0.8374797488997333
ec_nas,0,linear,8,2025,507,0.002134074999958102,0.18789035904825455,0.5181857404375172,0.5594217111042662,0.6317506854154996
ec_nas,0,rf,8,2025,507,0.6197133290002057,0.06398114431074442,0.9497094415995202,0.9380933765540924,0.8327422220280118
ec_nas,0,xgb,8,2025,507,0.1904321809997782,0.06404564601825104,0.9500321907700198,0.9373385294722923,0.8352861264137704
ec_nas,0,mlp,8,2025,507,6.246285678000277,0.07134806003503377,0.9389617423222325,0.9313435669179037,0.8206683934092528
ec_nas,1,linear,8,2025,507,0.003292642999895179,0.18509688874536917,0.6194340832415148,0.5760320531883486,0.6532609994681771
ec_nas,1,rf,8,2025,507,0.5985303379998186,0.06160460789867489,0.9557792769215123,0.9489536961292735,0.8463004952471623
ec_nas,1,xgb,8,2025,507,0.12296378600012758,0.05914933588066828,0.9593061800959132,0.9535931433010988,0.853407972559947
ec_nas,1,mlp,8,2025,507,6.321030468000117,0.07055282020808477,0.9452129079340883,0.9385497423952057,0.8275211917365183
ec_nas,2,linear,8,2025,507,0.0019333129998813092,0.17868901326950207,0.5835971214917101,0.5909308076746924,0.6394270446461013
ec_nas,2,rf,8,2025,507,0.6622976459998426,0.06141629821574947,0.9559673580434138,0.9471248522733381,0.8483030578624456
ec_nas,2,xgb,8,2025,507,0.13827568699980475,0.060234608285008574,0.9580844179516752,0.9511073724079284,0.8535125173904458
ec_nas,2,mlp,8,2025,507,6.901488494000205,0.07274307371532863,0.9437423058523141,0.9316081765479921,0.8288585658290712
ec_nas,3,linear,8,2025,507,0.005400439999903028,0.1923543206736884,0.5641233543302451,0.5750939251903164,0.6380339872629084
ec_nas,3,rf,8,2025,507,0.6639997760003098,0.0643695922107658,0.9551744162743987,0.9441665480611342,0.850235669262355
ec_nas,3,xgb,8,2025,507,0.13313178499993228,0.062194582910674506,0.9572623023426899,0.9483998398729803,0.8563218080067956
ec_nas,3,mlp,8,2025,507,6.835339533000024,0.072146074017725,0.9411612914963599,0.931518874102519,0.8356495365726669
