regime,k,method,draws,mape_median,mape_q25,mape_q75,r2_median,tau_median
gpu:RTX 3060,0,uncorrected,1,0.870376440261198,0.870376440261198,0.870376440261198,-3.742509447137685,0.8665024112050392
gpu:RTX 3060,1,alpha,200,0.10225921775919856,0.0898572265148068,0.13228465747314655,0.8975923909955322,0.866219804801031
gpu:RTX 3060,1,uncorrected,200,0.8702807044935521,0.8689235154383808,0.8719515982169533,-3.728239192549599,0.866219804801031
gpu:RTX 3060,3,alpha,200,0.09634938702300105,0.08848184296004692,0.10818509413635845,0.9045424913251536,0.8665662495317825
gpu:RTX 3060,3,uncorrected,200,0.8703571123479782,0.867813462816962,0.8732341653403906,-3.705382815246296,0.8665662495317825
gpu:RTX 3060,3,refit_on_pilots,200,0.29688800204854354,0.26562447301437003,0.3505833511593763,0.20027523677255826,0.5993399337935794
gpu:RTX 3060,5,alpha,200,0.09254773109679065,0.08811300371111846,0.10384732746077625,0.9146045196451973,0.8663543513634753
gpu:RTX 3060,5,uncorrected,200,0.8702478256423409,0.8668618646778689,0.8738259905269263,-3.7077520431007613,0.8663543513634753
gpu:RTX 3060,5,refit_on_pilots,200,0.24808313050122488,0.21543370447005744,0.2854166866786507,0.41611203219426796,0.668502499380797
gpu:RTX 3060,10,alpha,200,0.09010254305770264,0.08707261684327526,0.0957019689439241,0.9179363231952246,0.866761967844577
gpu:RTX 3060,10,uncorrected,200,0.8702877355283969,0.8640575879392118,0.8752348763429586,-3.706041385234452,0.866761967844577
gpu:RTX 3060,10,refit_on_pilots,200,0.19983676472882145,0.1802287422870759,0.22497988041468175,0.6252706885608672,0.6938314835348308
gpu:RTX 3090,0,uncorrected,1,0.5352630591431313,0.5352630591431313,0.5352630591431313,0.20611102517282798,0.688097456173466
gpu:RTX 3090,1,alpha,200,0.1881810173618096,0.16356925452903384,0.404286874141081,0.1577931660563,0.6874023011747439
gpu:RTX 3090,1,uncorrected,200,0.5345689833479577,0.5333259778602342,0.5364619692216313,0.20628551601575584,0.6874023011747439
gpu:RTX 3090,3,alpha,200,0.1687346116427098,0.16201328662498357,0.1932249675893269,0.16828664607712485,0.6879238657636247
gpu:RTX 3090,3,uncorrected,200,0.535830345782534,0.5315124432428643,0.5387417208057895,0.20810348660905853,0.6879238657636247
gpu:RTX 3090,3,refit_on_pilots,200,0.4288293730498952,0.3550771592137896,0.5839759121867301,-0.05045373050705815,0.36676704499299806
gpu:RTX 3090,5,alpha,200,0.16659460422035155,0.16138158238228814,0.18172440864584957,0.1673680744175129,0.6860872941539072
gpu:RTX 3090,5,uncorrected,200,0.5352519390983319,0.5312584111045574,0.5404191505988971,0.20825377141041201,0.6860872941539072
gpu:RTX 3090,5,refit_on_pilots,200,0.39464140516780233,0.3416487917518882,0.5145050503426178,-0.002331089060556124,0.37288073021277435
gpu:RTX 3090,10,alpha,200,0.1653437349414718,0.16087818593028794,0.17372149058784433,0.16383362444514038,0.6854554641398436
gpu:RTX 3090,10,uncorrected,200,0.5343562132060751,0.5289411707388645,0.5396542341680305,0.20960102131200592,0.6854554641398436
gpu:RTX 3090,10,refit_on_pilots,200,0.3699991042123066,0.3215599014169783,0.4546859726409196,0.022775769685970115,0.3820721015600108
gpu:Titan Xp,0,uncorrected,1,0.05119928700360203,0.05119928700360203,0.05119928700360203,0.970092054471593,0.8992518257717613
gpu:Titan Xp,1,alpha,200,0.06240971768765246,0.052762080091586,0.08777386585590952,0.9585291550477056,0.8991902774442435
gpu:Titan Xp,1,uncorrected,200,0.05129734767297422,0.050951947823279206,0.05160954824981357,0.9700830554717493,0.8991902774442435
gpu:Titan Xp,3,alpha,200,0.054004824309657924,0.05176506491910829,0.06689604889915864,0.9671506634186012,0.898922198270361
gpu:Titan Xp,3,uncorrected,200,0.05127085935779942,0.050513753205363984,0.05183002481441973,0.9699716053918956,0.898922198270361
gpu:Titan Xp,3,refit_on_pilots,200,0.2779796691335771,0.24305236451623882,0.33068057841274867,0.1285437482538681,0.558859321977785
gpu:Titan Xp,5,alpha,200,0.05294903102720186,0.05199447012461377,0.05876162049417538,0.9679140476406438,0.8987163837779371
gpu:Titan Xp,5,uncorrected,200,0.05143811613663805,0.05053483433071254,0.052264540462024764,0.9698688098334445,0.8987163837779371
gpu:Titan Xp,5,refit_on_pilots,200,0.2478089595197081,0.21532831755992454,0.28428765879043016,0.35356210843415353,0.6208086018494374
gpu:Titan Xp,10,alpha,200,0.05243131841838992,0.05067115588366064,0.054613074173737994,0.9688932771768646,0.8993905642315321
gpu:Titan Xp,10,uncorrected,200,0.051318204645937754,0.05016821132868793,0.05255245944022362,0.9697602463644868,0.8993905642315321
gpu:Titan Xp,10,refit_on_pilots,200,0.2042681029409127,0.18205243622828043,0.22929280885956238,0.5703344425952255,0.6331647454389735
family:BUTTER-E->EC-NAS,0,uncorrected,1,6.729699784640502,6.729699784640502,6.729699784640502,-384.2638779013068,0.6876402868771394
family:BUTTER-E->EC-NAS,1,alpha,200,0.20613364851897342,0.17598188961115158,0.2598599799563489,0.4656649877487946,0.6876518987234581
family:BUTTER-E->EC-NAS,1,uncorrected,200,6.729749703287647,6.729192524554102,6.730125377704624,-384.2194412402532,0.6876518987234581
family:BUTTER-E->EC-NAS,3,alpha,200,0.1804125536318248,0.169522861900276,0.21138572816351708,0.5940721237122852,0.6875928478255349
family:BUTTER-E->EC-NAS,3,uncorrected,200,6.729889849784457,6.729228128002778,6.730596338746708,-384.1896378631292,0.6875928478255349
family:BUTTER-E->EC-NAS,3,refit_on_pilots,200,0.24652542784526676,0.221713785541001,0.2925789371427276,0.17716815645660267,0.525873243613973
family:BUTTER-E->EC-NAS,5,alpha,200,0.18037514296538149,0.17011351113976042,0.2034908063726643,0.593063602046909,0.6875946119496387
family:BUTTER-E->EC-NAS,5,uncorrected,200,6.729871698263635,6.728662048581577,6.730769664564176,-384.17103551496797,0.6875946119496387
family:BUTTER-E->EC-NAS,5,refit_on_pilots,200,0.23201187708767396,0.2082142091816077,0.2690629115784272,0.2855341324055829,0.5359227839992644
family:BUTTER-E->EC-NAS,10,alpha,200,0.1730838557242687,0.16874611110926288,0.18519836910784288,0.6263541187158831,0.6876064642429732
family:BUTTER-E->EC-NAS,10,uncorrected,200,6.729960174983374,6.728449839221815,6.731252310233371,-384.19199349697044,0.6876064642429732
family:BUTTER-E->EC-NAS,10,refit_on_pilots,200,0.20805493243794826,0.19147087793148154,0.22748002939817905,0.4401708019066951,0.5548627928706354
family:EC-NAS->BUTTER-E,0,uncorrected,1,0.8393355207389164,0.8393355207389164,0.8393355207389164,-0.3868952347063854,0.23231265357719894
family:EC-NAS->BUTTER-E,1,alpha,50,1.4741251191011728,0.8530841030173942,4.904339212303739,-0.222807622338016,0.23231286779890756
family:EC-NAS->BUTTER-E,1,uncorrected,50,0.8393333976338471,0.8393319372157522,0.8393372503151938,-0.38689955255304076,0.23231286779890756
family:EC-NAS->BUTTER-E,3,alpha,50,1.4277096157738938,0.7753574228908963,2.6414111994983327,-0.03101152296648446,0.2323221152897931
family:EC-NAS->BUTTER-E,3,uncorrected,50,0.8393353653073925,0.83932774155562,0.8393428068585216,-0.38689225813250105,0.2323221152897931
family:EC-NAS->BUTTER-E,3,refit_on_pilots,50,1.6783038238296808,1.0776625184103623,3.2068862340242488,-0.1911656216746409,0.17120429354783473
family:EC-NAS->BUTTER-E,5,alpha,50,1.494768525473194,1.0255242404747156,2.1328261124924546,0.07619123232423841,0.2323135090627867
family:EC-NAS->BUTTER-E,5,uncorrected,50,0.839332492673316,0.839327438995007,0.839341302430929,-0.38689112506218015,0.2323135090627867
family:EC-NAS->BUTTER-E,5,refit_on_pilots,50,1.856176206115611,1.2816440045084398,3.259948130625975,-0.2306510491837187,0.09239826578954019
family:EC-NAS->BUTTER-E,10,alpha,50,1.4750764334020627,0.9770584448902702,2.2951846633527153,0.09891552834083389,0.2323223525403721
family:EC-NAS->BUTTER-E,10,uncorrected,50,0.8393304695593246,0.8393234977544538,0.8393463287253269,-0.38688766389671936,0.2323223525403721
family:EC-NAS->BUTTER-E,10,refit_on_pilots,50,2.1892463366203017,1.5907571869804829,2.921951230150124,-0.20318526805797144,0.11315802963493929
