n_observations,n_test,flag_rate_distance,median_distance_over_delta,mape,r2_raw,r2_log,tau
3188.0,2835,1.0,1.088503695189339,0.6134652385090289,-0.4623688324460673,0.6708114356199932,0.7782980710180873
3848.0,3502,1.0,1.3744220149968602,0.1277123050280079,0.5360503583935345,0.935527027493041,0.8299972236442347
4898.0,3313,1.0,2.6460955484912936,0.13001048814452987,0.9479755082569594,0.9587965665699844,0.8554772555635066
5300.0,3484,1.0,1.6309568991240622,0.14235688765865634,0.2544914493548317,0.8835592855183753,0.825995458296316
6435.0,3229,1.0,5.821723099319312,0.20974486174848955,0.8052960490968715,0.8450759116526968,0.8227317938463597
12958.0,2877,1.0,1.0789604043578889,0.3052521945239918,0.4172298203890332,0.8447822983394536,0.8476287631698954
15000.0,3172,1.0,6.951407633023674,0.10109678471785914,0.9125716140370361,0.9528691627411973,0.8617520958481074
20640.0,3473,1.0,1.3368390848525586,0.25966811974278137,0.4200656614885605,0.7489057161795152,0.8352109684341
48842.0,2762,1.0,1.6042225330389217,0.7040894511518555,-0.06528777913504769,0.3863593699431569,0.8620613941634921
67557.0,3074,1.0,1.6815864102173421,0.17437557200124126,0.850246728507914,0.8841668511277123,0.8773054620023292
70000.0,2476,1.0,100.40177588672486,0.27863175545319935,0.7710529644406292,0.7997215683137606,0.8237427599476984
105908.0,2858,1.0,4.820369936329942,0.39418295797042974,0.5331069960733308,0.3517163591199427,0.8824897892911042
