test,seed,mape,r2_raw,r2_log,tau
ceiling (Quadro RTX 6000),0,0.10521911354354989,0.7678589895429425,0.7590009980816499,0.7669916858551876
RTX 3060,0,0.8728523423863147,-3.627535434320551,-1.330408071901624,0.8838851343477543
RTX 3090,0,0.5399341632392661,0.20485822067895676,0.19388084306794884,0.6787456309465018
Titan Xp,0,0.0575796510142078,0.9600880470492449,0.9550693069487307,0.8751339607127484
ceiling (Quadro RTX 6000),1,0.10739983539919015,0.8599108652990797,0.8674579959170728,0.864720843050579
RTX 3060,1,0.8709394766533397,-3.590615597713862,-1.3237217450458316,0.880724639230897
RTX 3090,1,0.5385062093032698,0.20433605635563312,0.19625174624995712,0.6757924229800921
Titan Xp,1,0.05761976692260079,0.9578725606814456,0.9539742850497231,0.8731651554018086
ceiling (Quadro RTX 6000),2,0.11998969818196333,0.7061278974678279,0.7407930756363197,0.7038153430777867
RTX 3060,2,0.874358980983601,-3.628055530597832,-1.337164887193027,0.8886258770230402
RTX 3090,2,0.5411864595695087,0.20610002528437432,0.1920148992012891,0.676284624307827
Titan Xp,2,0.05792869656717299,0.9595410586010916,0.954634007362465,0.8726729540740736
ceiling (Quadro RTX 6000),3,0.15715736721170437,0.7865607526091767,0.7180840272977731,0.6926885517700181
RTX 3060,3,0.8725700647639406,-3.5996064941847354,-1.330125086812838,0.8875723786507544
RTX 3090,3,0.539596256949964,0.20501250865107956,0.19407880727194238,0.6772690269632969
Titan Xp,3,0.057375668802781714,0.9589723716122664,0.95493009066788,0.8736573567295436
ceiling (Quadro RTX 6000),4,0.08908682698106382,0.9068574622653687,0.9066170010360227,0.7870373631820649
RTX 3060,4,0.873719508083632,-3.6139103443467517,-1.3345075957316497,0.88493863272004
RTX 3090,4,0.5400013497096333,0.20656155724235303,0.19406904330405383,0.6787456309465018
Titan Xp,4,0.057561293800420646,0.958958828589172,0.9549122677042104,0.8761183633682184
ceiling (Quadro RTX 6000),42,0.18518616569312552,-0.12255264142364308,0.1427414936080369,0.5966562598206204
RTX 3060,42,0.8714097837087013,-3.6049183239973805,-1.3257515518524898,0.8844118835338971
RTX 3090,42,0.5394910185485192,0.20711497757884145,0.1952174210557197,0.6772690269632969
Titan Xp,42,0.05793816416980788,0.9567633381710672,0.95257638401446,0.8775949673514232
ceiling (Quadro RTX 6000),100,0.11726142688105692,0.8232321441893076,0.8699187497316074,0.8072105124351976
RTX 3060,100,0.8728037480060983,-3.6144938795038373,-1.330960510442734,0.880724639230897
RTX 3090,100,0.5387882093131149,0.20463031606068927,0.19579569724998858,0.6757924229800921
Titan Xp,100,0.05775195693161903,0.9581516213305143,0.9540267423637026,0.8731651554018086
