gpu,method,mape,r2_raw,r2_log,tau
RTX 3060,xgb:core,0.870376440261198,-3.742509447137685,-1.3228915112056883,0.8665024112050392
RTX 3060,xgb:core+gpu_specs,0.870376440261198,-3.742509447137685,-1.3228915112056883,0.8665024112050392
RTX 3060,peak_flops_scaling,1.3949463664126462,-11.500938528302141,-3.4841151337181504,0.8474399164054337
RTX 3090,xgb:core,0.5352630591431313,0.20611102517282798,0.20699142573622187,0.688097456173466
RTX 3090,xgb:core+gpu_specs,0.5352630591431313,0.20611102517282798,0.20699142573622187,0.688097456173466
RTX 3090,peak_flops_scaling,0.32342800709613706,0.002132862294486615,-0.03155055279021113,0.6776556776556777
Titan Xp,xgb:core,0.05119928700360203,0.970092054471593,0.9616116566422446,0.8992518257717613
Titan Xp,xgb:core+gpu_specs,0.05119928700360203,0.970092054471593,0.9616116566422446,0.8992518257717613
Titan Xp,peak_flops_scaling,0.3180639256030029,0.02428991167044392,0.41601375167580523,0.8847374847374847
