HOSTNAMES, CPUS, MEMORY, TMP_DISK, GRES
r9i0n25, 36, 180224, 900000, (null)
r1i6n0, 36, 85248, 900000, (null)
r102u25, 36, 751616, 1500000, (null)
r104u25, 36, 751616, 1500000, gpu:v100:2
r1i6n9, 36, 85248, 900000, (null)
r1i6n18, 36, 85248, 900000, (null)
r1i6n27, 36, 85248, 900000, (null)
r4i6n22, 36, 85248, 900000, (null)
r102u26, 36, 751616, 1500000, (null)
r9i2n9, 36, 180224, 900000, (null)
r4i3n9, 36, 85248, 900000, (null)
r102u06, 36, 751616, 1500000, (null)
r1i1n7, 36, 85248, 900000, (null)
r3i5n25, 36, 85248, 900000, (null)
r4i2n9, 36, 85248, 900000, (null)
r4i3n23, 36, 85248, 900000, (null)
r4i6n2, 36, 85248, 900000, (null)
r4i6n11, 36, 85248, 900000, (null)
r4i6n20, 36, 85248, 900000, (null)
r4i6n29, 36, 85248, 900000, (null)
r6i1n2, 36, 85248, 900000, (null)
r6i1n34, 36, 85248, 900000, (null)
r6i3n25, 36, 85248, 900000, (null)
r7i4n2, 36, 180224, 900000, (null)
r7i4n3, 36, 180224, 900000, (null)
r104u17, 36, 751616, 1500000, gpu:v100:2
r1i0n0, 36, 85248, 900000, (null)
r1i0n1, 36, 85248, 900000, (null)
r1i0n2, 36, 85248, 900000, (null)
r1i0n3, 36, 85248, 900000, (null)
r1i0n4, 36, 85248, 900000, (null)
r1i0n5, 36, 85248, 900000, (null)
r1i0n6, 36, 85248, 900000, (null)
r1i0n7, 36, 85248, 900000, (null)
r1i0n8, 36, 85248, 900000, (null)
r1i0n9, 36, 85248, 900000, (null)
r1i0n10, 36, 85248, 900000, (null)
r1i0n11, 36, 85248, 900000, (null)
r1i0n12, 36, 85248, 900000, (null)
r1i0n13, 36, 85248, 900000, (null)
r1i0n14, 36, 85248, 900000, (null)
r1i0n15, 36, 85248, 900000, (null)
r1i0n16, 36, 85248, 900000, (null)
r1i0n17, 36, 85248, 900000, (null)
r1i0n18, 36, 85248, 900000, (null)
r1i0n19, 36, 85248, 900000, (null)
r1i0n20, 36, 85248, 900000, (null)
r1i0n21, 36, 85248, 900000, (null)
r1i0n22, 36, 85248, 900000, (null)
r1i0n23, 36, 85248, 900000, (null)
r1i0n24, 36, 85248, 900000, (null)
r1i0n25, 36, 85248, 900000, (null)
r1i0n26, 36, 85248, 900000, (null)
r1i0n27, 36, 85248, 900000, (null)
r1i0n28, 36, 85248, 900000, (null)
r1i0n29, 36, 85248, 900000, (null)
r1i0n30, 36, 85248, 900000, (null)
r1i0n31, 36, 85248, 900000, (null)
r1i0n32, 36, 85248, 900000, (null)
r1i0n33, 36, 85248, 900000, (null)
r1i0n34, 36, 85248, 900000, (null)
r1i0n35, 36, 85248, 900000, (null)
r1i1n0, 36, 85248, 900000, (null)
r1i1n1, 36, 85248, 900000, (null)
r1i1n2, 36, 85248, 900000, (null)
r1i1n3, 36, 85248, 900000, (null)
r1i1n4, 36, 85248, 900000, (null)
r1i1n5, 36, 85248, 900000, (null)
r1i1n6, 36, 85248, 900000, (null)
r1i1n8, 36, 85248, 900000, (null)
r1i1n9, 36, 85248, 900000, (null)
r1i1n10, 36, 85248, 900000, (null)
r1i1n11, 36, 85248, 900000, (null)
r1i1n12, 36, 85248, 900000, (null)
r1i1n13, 36, 85248, 900000, (null)
r1i1n14, 36, 85248, 900000, (null)
r1i1n15, 36, 85248, 900000, (null)
r1i1n17, 36, 85248, 900000, (null)
r1i1n18, 36, 85248, 900000, (null)
r1i1n19, 36, 85248, 900000, (null)
r1i1n20, 36, 85248, 900000, (null)
r1i1n21, 36, 85248, 900000, (null)
r1i1n22, 36, 85248, 900000, (null)
r1i1n23, 36, 85248, 900000, (null)
r1i1n24, 36, 85248, 900000, (null)
r1i1n26, 36, 85248, 900000, (null)
r1i1n27, 36, 85248, 900000, (null)
r1i1n28, 36, 85248, 900000, (null)
r1i1n29, 36, 85248, 900000, (null)
r1i1n30, 36, 85248, 900000, (null)
r1i1n31, 36, 85248, 900000, (null)
r1i1n32, 36, 85248, 900000, (null)
r1i1n33, 36, 85248, 900000, (null)
r1i1n35, 36, 85248, 900000, (null)
r1i2n0, 36, 85248, 900000, (null)
r1i2n1, 36, 85248, 900000, (null)
r1i2n2, 36, 85248, 900000, (null)
r1i2n3, 36, 85248, 900000, (null)
r1i2n4, 36, 85248, 900000, (null)
r1i2n5, 36, 85248, 900000, (null)
r1i2n6, 36, 85248, 900000, (null)
r1i2n7, 36, 85248, 900000, (null)
r1i2n8, 36, 85248, 900000, (null)
r1i2n9, 36, 85248, 900000, (null)
r1i2n10, 36, 85248, 900000, (null)
r1i2n11, 36, 85248, 900000, (null)
r1i2n12, 36, 85248, 900000, (null)
r1i2n13, 36, 85248, 900000, (null)
r1i2n14, 36, 85248, 900000, (null)
r1i2n15, 36, 85248, 900000, (null)
r1i2n16, 36, 85248, 900000, (null)
r1i2n17, 36, 85248, 900000, (null)
r1i2n18, 36, 85248, 900000, (null)
r1i2n19, 36, 85248, 900000, (null)
r1i2n20, 36, 85248, 900000, (null)
r1i2n21, 36, 85248, 900000, (null)
r1i2n22, 36, 85248, 900000, (null)
r1i2n23, 36, 85248, 900000, (null)
r1i2n24, 36, 85248, 900000, (null)
r1i2n25, 36, 85248, 900000, (null)
r1i2n26, 36, 85248, 900000, (null)
r1i2n27, 36, 85248, 900000, (null)
r1i2n28, 36, 85248, 900000, (null)
r1i2n29, 36, 85248, 900000, (null)
r1i2n30, 36, 85248, 900000, (null)
r1i2n31, 36, 85248, 900000, (null)
r1i2n32, 36, 85248, 900000, (null)
r1i2n33, 36, 85248, 900000, (null)
r1i2n34, 36, 85248, 900000, (null)
r1i2n35, 36, 85248, 900000, (null)
r1i3n0, 36, 85248, 900000, (null)
r1i3n1, 36, 85248, 900000, (null)
r1i3n2, 36, 85248, 900000, (null)
r1i3n3, 36, 85248, 900000, (null)
r1i3n4, 36, 85248, 900000, (null)
r1i3n5, 36, 85248, 900000, (null)
r1i3n6, 36, 85248, 900000, (null)
r1i3n7, 36, 85248, 900000, (null)
r1i3n8, 36, 85248, 900000, (null)
r1i3n9, 36, 85248, 900000, (null)
r1i3n10, 36, 85248, 900000, (null)
r1i3n11, 36, 85248, 900000, (null)
r1i3n12, 36, 85248, 900000, (null)
r1i3n13, 36, 85248, 900000, (null)
r1i3n14, 36, 85248, 900000, (null)
r1i3n15, 36, 85248, 900000, (null)
r1i3n16, 36, 85248, 900000, (null)
r1i3n17, 36, 85248, 900000, (null)
r1i3n18, 36, 85248, 900000, (null)
r1i3n19, 36, 85248, 900000, (null)
r1i3n20, 36, 85248, 900000, (null)
r1i3n21, 36, 85248, 900000, (null)
r1i3n22, 36, 85248, 900000, (null)
r1i3n23, 36, 85248, 900000, (null)
r1i3n24, 36, 85248, 900000, (null)
r1i3n25, 36, 85248, 900000, (null)
r1i3n26, 36, 85248, 900000, (null)
r1i3n27, 36, 85248, 900000, (null)
r1i3n28, 36, 85248, 900000, (null)
r1i3n29, 36, 85248, 900000, (null)
r1i3n30, 36, 85248, 900000, (null)
r1i3n31, 36, 85248, 900000, (null)
r1i3n32, 36, 85248, 900000, (null)
r1i3n33, 36, 85248, 900000, (null)
r1i3n34, 36, 85248, 900000, (null)
r1i3n35, 36, 85248, 900000, (null)
r1i4n0, 36, 85248, 900000, (null)
r1i4n1, 36, 85248, 900000, (null)
r1i4n2, 36, 85248, 900000, (null)
r1i4n3, 36, 85248, 900000, (null)
r1i4n4, 36, 85248, 900000, (null)
r1i4n5, 36, 85248, 900000, (null)
r1i4n6, 36, 85248, 900000, (null)
r1i4n7, 36, 85248, 900000, (null)
r1i4n8, 36, 85248, 900000, (null)
r1i4n9, 36, 85248, 900000, (null)
r1i4n10, 36, 85248, 900000, (null)
r1i4n11, 36, 85248, 900000, (null)
r1i4n12, 36, 85248, 900000, (null)
r1i4n13, 36, 85248, 900000, (null)
r1i4n14, 36, 85248, 900000, (null)
r1i4n15, 36, 85248, 900000, (null)
r1i4n16, 36, 85248, 900000, (null)
r1i4n17, 36, 85248, 900000, (null)
r1i4n18, 36, 85248, 900000, (null)
r1i4n19, 36, 85248, 900000, (null)
r1i4n20, 36, 85248, 900000, (null)
r1i4n21, 36, 85248, 900000, (null)
r1i4n22, 36, 85248, 900000, (null)
r1i4n23, 36, 85248, 900000, (null)
r1i4n24, 36, 85248, 900000, (null)
r1i4n25, 36, 85248, 900000, (null)
r1i4n26, 36, 85248, 900000, (null)
r1i4n27, 36, 85248, 900000, (null)
r1i4n28, 36, 85248, 900000, (null)
r1i4n29, 36, 85248, 900000, (null)
r1i4n30, 36, 85248, 900000, (null)
r1i4n31, 36, 85248, 900000, (null)
r1i4n32, 36, 85248, 900000, (null)
r1i4n33, 36, 85248, 900000, (null)
r1i4n34, 36, 85248, 900000, (null)
r1i4n35, 36, 85248, 900000, (null)
r1i5n3, 36, 85248, 900000, (null)
r1i5n5, 36, 85248, 900000, (null)
r1i5n6, 36, 85248, 900000, (null)
r1i5n7, 36, 85248, 900000, (null)
r1i5n8, 36, 85248, 900000, (null)
r1i5n10, 36, 85248, 900000, (null)
r1i5n14, 36, 85248, 900000, (null)
r1i5n15, 36, 85248, 900000, (null)
r1i5n17, 36, 85248, 900000, (null)
r1i5n19, 36, 85248, 900000, (null)
r1i5n20, 36, 85248, 900000, (null)
r1i5n21, 36, 85248, 900000, (null)
r1i5n22, 36, 85248, 900000, (null)
r1i5n23, 36, 85248, 900000, (null)
r1i5n24, 36, 85248, 900000, (null)
r1i5n25, 36, 85248, 900000, (null)
r1i5n26, 36, 85248, 900000, (null)
r1i5n27, 36, 85248, 900000, (null)
r1i5n28, 36, 85248, 900000, (null)
r1i5n29, 36, 85248, 900000, (null)
r1i5n30, 36, 85248, 900000, (null)
r1i5n31, 36, 85248, 900000, (null)
r1i5n32, 36, 85248, 900000, (null)
r1i5n33, 36, 85248, 900000, (null)
r1i5n34, 36, 85248, 900000, (null)
r1i5n35, 36, 85248, 900000, (null)
r1i6n1, 36, 85248, 900000, (null)
r1i6n2, 36, 85248, 900000, (null)
r1i6n3, 36, 85248, 900000, (null)
r1i6n4, 36, 85248, 900000, (null)
r1i6n5, 36, 85248, 900000, (null)
r1i6n6, 36, 85248, 900000, (null)
r1i6n7, 36, 85248, 900000, (null)
r1i6n8, 36, 85248, 900000, (null)
r1i6n10, 36, 85248, 900000, (null)
r1i6n11, 36, 85248, 900000, (null)
r1i6n12, 36, 85248, 900000, (null)
r1i6n13, 36, 85248, 900000, (null)
r1i6n14, 36, 85248, 900000, (null)
r1i6n15, 36, 85248, 900000, (null)
r1i6n16, 36, 85248, 900000, (null)
r1i6n17, 36, 85248, 900000, (null)
r1i6n19, 36, 85248, 900000, (null)
r1i6n20, 36, 85248, 900000, (null)
r1i6n21, 36, 85248, 900000, (null)
r1i6n22, 36, 85248, 900000, (null)
r1i6n23, 36, 85248, 900000, (null)
r1i6n24, 36, 85248, 900000, (null)
r1i6n25, 36, 85248, 900000, (null)
r1i6n26, 36, 85248, 900000, (null)
r1i6n28, 36, 85248, 900000, (null)
r1i6n29, 36, 85248, 900000, (null)
r1i6n30, 36, 85248, 900000, (null)
r1i6n31, 36, 85248, 900000, (null)
r1i6n32, 36, 85248, 900000, (null)
r1i6n33, 36, 85248, 900000, (null)
r1i6n34, 36, 85248, 900000, (null)
r1i6n35, 36, 85248, 900000, (null)
r1i7n0, 36, 85248, 900000, (null)
r1i7n1, 36, 85248, 900000, (null)
r1i7n2, 36, 85248, 900000, (null)
r1i7n3, 36, 85248, 900000, (null)
r1i7n4, 36, 85248, 900000, (null)
r1i7n5, 36, 85248, 900000, (null)
r1i7n6, 36, 85248, 900000, (null)
r1i7n7, 36, 85248, 900000, (null)
r1i7n10, 36, 85248, 900000, (null)
r1i7n11, 36, 85248, 900000, (null)
r1i7n12, 36, 85248, 900000, (null)
r1i7n13, 36, 85248, 900000, (null)
r1i7n14, 36, 85248, 900000, (null)
r1i7n15, 36, 85248, 900000, (null)
r1i7n16, 36, 85248, 900000, (null)
r1i7n17, 36, 85248, 900000, (null)
r1i7n18, 36, 85248, 900000, (null)
r1i7n19, 36, 85248, 900000, (null)
r1i7n20, 36, 85248, 900000, (null)
r1i7n21, 36, 85248, 900000, (null)
r1i7n22, 36, 85248, 900000, (null)
r1i7n23, 36, 85248, 900000, (null)
r1i7n24, 36, 85248, 900000, (null)
r1i7n25, 36, 85248, 900000, (null)
r1i7n26, 36, 85248, 900000, (null)
r1i7n27, 36, 85248, 900000, (null)
r1i7n28, 36, 85248, 900000, (null)
r1i7n29, 36, 85248, 900000, (null)
r1i7n30, 36, 85248, 900000, (null)
r1i7n31, 36, 85248, 900000, (null)
r1i7n32, 36, 85248, 900000, (null)
r1i7n33, 36, 85248, 900000, (null)
r1i7n34, 36, 85248, 900000, (null)
r2i0n0, 36, 85248, 900000, (null)
r2i0n1, 36, 85248, 900000, (null)
r2i0n2, 36, 85248, 900000, (null)
r2i0n3, 36, 85248, 900000, (null)
r2i0n4, 36, 85248, 900000, (null)
r2i0n5, 36, 85248, 900000, (null)
r2i0n6, 36, 85248, 900000, (null)
r2i0n7, 36, 85248, 900000, (null)
r2i0n9, 36, 85248, 900000, (null)
r2i0n10, 36, 85248, 900000, (null)
r2i0n11, 36, 85248, 900000, (null)
r2i0n12, 36, 85248, 900000, (null)
r2i0n13, 36, 85248, 900000, (null)
r2i0n15, 36, 85248, 900000, (null)
r2i0n16, 36, 85248, 900000, (null)
r2i0n17, 36, 85248, 900000, (null)
r2i0n18, 36, 85248, 900000, (null)
r2i0n19, 36, 85248, 900000, (null)
r2i0n20, 36, 85248, 900000, (null)
r2i0n21, 36, 85248, 900000, (null)
r2i0n22, 36, 85248, 900000, (null)
r2i0n23, 36, 85248, 900000, (null)
r2i0n24, 36, 85248, 900000, (null)
r2i0n25, 36, 85248, 900000, (null)
r2i0n26, 36, 85248, 900000, (null)
r2i0n27, 36, 85248, 900000, (null)
r2i0n28, 36, 85248, 900000, (null)
r2i0n29, 36, 85248, 900000, (null)
r2i0n30, 36, 85248, 900000, (null)
r2i0n31, 36, 85248, 900000, (null)
r2i0n32, 36, 85248, 900000, (null)
r2i0n33, 36, 85248, 900000, (null)
r2i0n34, 36, 85248, 900000, (null)
r2i0n35, 36, 85248, 900000, (null)
r2i1n0, 36, 85248, 900000, (null)
r2i1n1, 36, 85248, 900000, (null)
r2i1n2, 36, 85248, 900000, (null)
r2i1n3, 36, 85248, 900000, (null)
r2i1n4, 36, 85248, 900000, (null)
r2i1n5, 36, 85248, 900000, (null)
r2i1n6, 36, 85248, 900000, (null)
r2i1n7, 36, 85248, 900000, (null)
r2i1n8, 36, 85248, 900000, (null)
r2i1n9, 36, 85248, 900000, (null)
r2i1n10, 36, 85248, 900000, (null)
r2i1n11, 36, 85248, 900000, (null)
r2i1n12, 36, 85248, 900000, (null)
r2i1n13, 36, 85248, 900000, (null)
r2i1n14, 36, 85248, 900000, (null)
r2i1n15, 36, 85248, 900000, (null)
r2i1n16, 36, 85248, 900000, (null)
r2i1n17, 36, 85248, 900000, (null)
r2i1n18, 36, 85248, 900000, (null)
r2i1n19, 36, 85248, 900000, (null)
r2i1n20, 36, 85248, 900000, (null)
r2i1n21, 36, 85248, 900000, (null)
r2i1n22, 36, 85248, 900000, (null)
r2i1n23, 36, 85248, 900000, (null)
r2i1n24, 36, 85248, 900000, (null)
r2i1n25, 36, 85248, 900000, (null)
r2i1n26, 36, 85248, 900000, (null)
r2i1n27, 36, 85248, 900000, (null)
r2i1n28, 36, 85248, 900000, (null)
r2i1n29, 36, 85248, 900000, (null)
r2i1n30, 36, 85248, 900000, (null)
r2i1n31, 36, 85248, 900000, (null)
r2i1n32, 36, 85248, 900000, (null)
r2i1n33, 36, 85248, 900000, (null)
r2i1n34, 36, 85248, 900000, (null)
r2i1n35, 36, 85248, 900000, (null)
r2i2n0, 36, 85248, 900000, (null)
r2i2n1, 36, 85248, 900000, (null)
r2i2n2, 36, 85248, 900000, (null)
r2i2n3, 36, 85248, 900000, (null)
r2i2n4, 36, 85248, 900000, (null)
r2i2n5, 36, 85248, 900000, (null)
r2i2n6, 36, 85248, 900000, (null)
r2i2n7, 36, 85248, 900000, (null)
r2i2n8, 36, 85248, 900000, (null)
r2i2n9, 36, 85248, 900000, (null)
r2i2n10, 36, 85248, 900000, (null)
r2i2n11, 36, 85248, 900000, (null)
r2i2n12, 36, 85248, 900000, (null)
r2i2n13, 36, 85248, 900000, (null)
r2i2n14, 36, 85248, 900000, (null)
r2i2n15, 36, 85248, 900000, (null)
r2i2n16, 36, 85248, 900000, (null)
r2i2n17, 36, 85248, 900000, (null)
r2i2n18, 36, 85248, 900000, (null)
r2i2n19, 36, 85248, 900000, (null)
r2i2n20, 36, 85248, 900000, (null)
r2i2n22, 36, 85248, 900000, (null)
r2i2n23, 36, 85248, 900000, (null)
r2i2n24, 36, 85248, 900000, (null)
r2i2n25, 36, 85248, 900000, (null)
r2i2n26, 36, 85248, 900000, (null)
r2i2n27, 36, 85248, 900000, (null)
r2i2n28, 36, 85248, 900000, (null)
r2i2n29, 36, 85248, 900000, (null)
r2i2n30, 36, 85248, 900000, (null)
r2i2n31, 36, 85248, 900000, (null)
r2i2n32, 36, 85248, 900000, (null)
r2i2n33, 36, 85248, 900000, (null)
r2i2n34, 36, 85248, 900000, (null)
r2i2n35, 36, 85248, 900000, (null)
r2i3n0, 36, 85248, 900000, (null)
r2i3n1, 36, 85248, 900000, (null)
r2i3n2, 36, 85248, 900000, (null)
r2i3n3, 36, 85248, 900000, (null)
r2i3n6, 36, 85248, 900000, (null)
r2i3n7, 36, 85248, 900000, (null)
r2i3n8, 36, 85248, 900000, (null)
r2i3n9, 36, 85248, 900000, (null)
r2i3n10, 36, 85248, 900000, (null)
r2i3n11, 36, 85248, 900000, (null)
r2i3n12, 36, 85248, 900000, (null)
r2i3n13, 36, 85248, 900000, (null)
r2i3n14, 36, 85248, 900000, (null)
r2i3n15, 36, 85248, 900000, (null)
r2i3n16, 36, 85248, 900000, (null)
r2i3n17, 36, 85248, 900000, (null)
r2i3n19, 36, 85248, 900000, (null)
r2i3n20, 36, 85248, 900000, (null)
r2i3n21, 36, 85248, 900000, (null)
r2i3n22, 36, 85248, 900000, (null)
r2i3n23, 36, 85248, 900000, (null)
r2i3n24, 36, 85248, 900000, (null)
r2i3n25, 36, 85248, 900000, (null)
r2i3n26, 36, 85248, 900000, (null)
r2i3n28, 36, 85248, 900000, (null)
r2i3n30, 36, 85248, 900000, (null)
r2i3n31, 36, 85248, 900000, (null)
r2i3n32, 36, 85248, 900000, (null)
r2i3n33, 36, 85248, 900000, (null)
r2i3n34, 36, 85248, 900000, (null)
r2i3n35, 36, 85248, 900000, (null)
r2i4n0, 36, 85248, 900000, (null)
r2i4n1, 36, 85248, 900000, (null)
r2i4n2, 36, 85248, 900000, (null)
r2i4n3, 36, 85248, 900000, (null)
r2i4n4, 36, 85248, 900000, (null)
r2i4n5, 36, 85248, 900000, (null)
r2i4n6, 36, 85248, 900000, (null)
r2i4n7, 36, 85248, 900000, (null)
r2i4n8, 36, 85248, 900000, (null)
r2i4n9, 36, 85248, 900000, (null)
r2i4n10, 36, 85248, 900000, (null)
r2i4n11, 36, 85248, 900000, (null)
r2i4n12, 36, 85248, 900000, (null)
r2i4n13, 36, 85248, 900000, (null)
r2i4n15, 36, 85248, 900000, (null)
r2i4n16, 36, 85248, 900000, (null)
r2i4n17, 36, 85248, 900000, (null)
r2i4n18, 36, 85248, 900000, (null)
r2i4n19, 36, 85248, 900000, (null)
r2i4n20, 36, 85248, 900000, (null)
r2i4n21, 36, 85248, 900000, (null)
r2i4n22, 36, 85248, 900000, (null)
r2i4n23, 36, 85248, 900000, (null)
r2i4n24, 36, 85248, 900000, (null)
r2i4n25, 36, 85248, 900000, (null)
r2i4n26, 36, 85248, 900000, (null)
r2i4n27, 36, 85248, 900000, (null)
r2i4n28, 36, 85248, 900000, (null)
r2i4n29, 36, 85248, 900000, (null)
r2i4n30, 36, 85248, 900000, (null)
r2i4n31, 36, 85248, 900000, (null)
r2i4n32, 36, 85248, 900000, (null)
r2i4n33, 36, 85248, 900000, (null)
r2i4n34, 36, 85248, 900000, (null)
r2i4n35, 36, 85248, 900000, (null)
r2i5n0, 36, 85248, 900000, (null)
r2i5n1, 36, 85248, 900000, (null)
r2i5n2, 36, 85248, 900000, (null)
r2i5n3, 36, 85248, 900000, (null)
r2i5n4, 36, 85248, 900000, (null)
r2i5n5, 36, 85248, 900000, (null)
r2i5n6, 36, 85248, 900000, (null)
r2i5n7, 36, 85248, 900000, (null)
r2i5n8, 36, 85248, 900000, (null)
r2i5n9, 36, 85248, 900000, (null)
r2i5n10, 36, 85248, 900000, (null)
r2i5n11, 36, 85248, 900000, (null)
r2i5n12, 36, 85248, 900000, (null)
r2i5n13, 36, 85248, 900000, (null)
r2i5n14, 36, 85248, 900000, (null)
r2i5n15, 36, 85248, 900000, (null)
r2i5n16, 36, 85248, 900000, (null)
r2i5n17, 36, 85248, 900000, (null)
r2i5n18, 36, 85248, 900000, (null)
r2i5n19, 36, 85248, 900000, (null)
r2i5n20, 36, 85248, 900000, (null)
r2i5n21, 36, 85248, 900000, (null)
r2i5n22, 36, 85248, 900000, (null)
r2i5n23, 36, 85248, 900000, (null)
r2i5n24, 36, 85248, 900000, (null)
r2i5n25, 36, 85248, 900000, (null)
r2i5n26, 36, 85248, 900000, (null)
r2i5n27, 36, 85248, 900000, (null)
r2i5n28, 36, 85248, 900000, (null)
r2i5n29, 36, 85248, 900000, (null)
r2i5n30, 36, 85248, 900000, (null)
r2i5n31, 36, 85248, 900000, (null)
r2i5n32, 36, 85248, 900000, (null)
r2i5n33, 36, 85248, 900000, (null)
r2i5n34, 36, 85248, 900000, (null)
r2i5n35, 36, 85248, 900000, (null)
r2i6n0, 36, 85248, 900000, (null)
r2i6n1, 36, 85248, 900000, (null)
r2i6n2, 36, 85248, 900000, (null)
r2i6n3, 36, 85248, 900000, (null)
r2i6n4, 36, 85248, 900000, (null)
r2i6n5, 36, 85248, 900000, (null)
r2i6n6, 36, 85248, 900000, (null)
r2i6n8, 36, 85248, 900000, (null)
r2i6n9, 36, 85248, 900000, (null)
r2i6n12, 36, 85248, 900000, (null)
r2i6n13, 36, 85248, 900000, (null)
r2i6n14, 36, 85248, 900000, (null)
r2i6n16, 36, 85248, 900000, (null)
r2i6n17, 36, 85248, 900000, (null)
r2i6n18, 36, 85248, 900000, (null)
r2i6n19, 36, 85248, 900000, (null)
r2i6n20, 36, 85248, 900000, (null)
r2i6n21, 36, 85248, 900000, (null)
r2i6n22, 36, 85248, 900000, (null)
r2i6n23, 36, 85248, 900000, (null)
r2i6n24, 36, 85248, 900000, (null)
r2i6n26, 36, 85248, 900000, (null)
r2i6n27, 36, 85248, 900000, (null)
r2i6n28, 36, 85248, 900000, (null)
r2i6n29, 36, 85248, 900000, (null)
r2i6n30, 36, 85248, 900000, (null)
r2i6n32, 36, 85248, 900000, (null)
r2i6n33, 36, 85248, 900000, (null)
r2i6n34, 36, 85248, 900000, (null)
r2i6n35, 36, 85248, 900000, (null)
r2i7n0, 36, 85248, 900000, (null)
r2i7n1, 36, 85248, 900000, (null)
r2i7n2, 36, 85248, 900000, (null)
r2i7n3, 36, 85248, 900000, (null)
r2i7n5, 36, 85248, 900000, (null)
r2i7n6, 36, 85248, 900000, (null)
r2i7n7, 36, 85248, 900000, (null)
r2i7n8, 36, 85248, 900000, (null)
r2i7n9, 36, 85248, 900000, (null)
r2i7n10, 36, 85248, 900000, (null)
r2i7n11, 36, 85248, 900000, (null)
r2i7n12, 36, 85248, 900000, (null)
r2i7n13, 36, 85248, 900000, (null)
r2i7n14, 36, 85248, 900000, (null)
r2i7n15, 36, 85248, 900000, (null)
r2i7n16, 36, 85248, 900000, (null)
r2i7n17, 36, 85248, 900000, (null)
r2i7n18, 36, 85248, 900000, (null)
r2i7n19, 36, 85248, 900000, (null)
r2i7n20, 36, 85248, 900000, (null)
r2i7n21, 36, 85248, 900000, (null)
r2i7n22, 36, 85248, 900000, (null)
r2i7n23, 36, 85248, 900000, (null)
r2i7n24, 36, 85248, 900000, (null)
r2i7n25, 36, 85248, 900000, (null)
r2i7n26, 36, 85248, 900000, (null)
r2i7n27, 36, 85248, 900000, (null)
r2i7n28, 36, 85248, 900000, (null)
r2i7n29, 36, 85248, 900000, (null)
r2i7n30, 36, 85248, 900000, (null)
r2i7n31, 36, 85248, 900000, (null)
r2i7n32, 36, 85248, 900000, (null)
r2i7n33, 36, 85248, 900000, (null)
r2i7n34, 36, 85248, 900000, (null)
r3i0n0, 36, 85248, 900000, (null)
r3i0n1, 36, 85248, 900000, (null)
r3i0n2, 36, 85248, 900000, (null)
r3i0n3, 36, 85248, 900000, (null)
r3i0n4, 36, 85248, 900000, (null)
r3i0n5, 36, 85248, 900000, (null)
r3i0n6, 36, 85248, 900000, (null)
r3i0n7, 36, 85248, 900000, (null)
r3i0n8, 36, 85248, 900000, (null)
r3i0n9, 36, 85248, 900000, (null)
r3i0n10, 36, 85248, 900000, (null)
r3i0n11, 36, 85248, 900000, (null)
r3i0n12, 36, 85248, 900000, (null)
r3i0n13, 36, 85248, 900000, (null)
r3i0n14, 36, 85248, 900000, (null)
r3i0n15, 36, 85248, 900000, (null)
r3i0n16, 36, 85248, 900000, (null)
r3i0n17, 36, 85248, 900000, (null)
r3i0n18, 36, 85248, 900000, (null)
r3i0n19, 36, 85248, 900000, (null)
r3i0n20, 36, 85248, 900000, (null)
r3i0n21, 36, 85248, 900000, (null)
r3i0n22, 36, 85248, 900000, (null)
r3i0n23, 36, 85248, 900000, (null)
r3i0n24, 36, 85248, 900000, (null)
r3i0n25, 36, 85248, 900000, (null)
r3i0n26, 36, 85248, 900000, (null)
r3i0n27, 36, 85248, 900000, (null)
r3i0n28, 36, 85248, 900000, (null)
r3i0n29, 36, 85248, 900000, (null)
r3i0n30, 36, 85248, 900000, (null)
r3i0n31, 36, 85248, 900000, (null)
r3i0n32, 36, 85248, 900000, (null)
r3i0n33, 36, 85248, 900000, (null)
r3i0n34, 36, 85248, 900000, (null)
r3i0n35, 36, 85248, 900000, (null)
r3i1n0, 36, 85248, 900000, (null)
r3i1n1, 36, 85248, 900000, (null)
r3i1n2, 36, 85248, 900000, (null)
r3i1n3, 36, 85248, 900000, (null)
r3i1n4, 36, 85248, 900000, (null)
r3i1n5, 36, 85248, 900000, (null)
r3i1n6, 36, 85248, 900000, (null)
r3i1n7, 36, 85248, 900000, (null)
r3i1n8, 36, 85248, 900000, (null)
r3i1n9, 36, 85248, 900000, (null)
r3i1n10, 36, 85248, 900000, (null)
r3i1n11, 36, 85248, 900000, (null)
r3i1n12, 36, 85248, 900000, (null)
r3i1n13, 36, 85248, 900000, (null)
r3i1n14, 36, 85248, 900000, (null)
r3i1n15, 36, 85248, 900000, (null)
r3i1n16, 36, 85248, 900000, (null)
r3i1n17, 36, 85248, 900000, (null)
r3i1n18, 36, 85248, 900000, (null)
r3i1n19, 36, 85248, 900000, (null)
r3i1n20, 36, 85248, 900000, (null)
r3i1n21, 36, 85248, 900000, (null)
r3i1n22, 36, 85248, 900000, (null)
r3i1n23, 36, 85248, 900000, (null)
r3i1n24, 36, 85248, 900000, (null)
r3i1n25, 36, 85248, 900000, (null)
r3i1n26, 36, 85248, 900000, (null)
r3i1n27, 36, 85248, 900000, (null)
r3i1n28, 36, 85248, 900000, (null)
r3i1n29, 36, 85248, 900000, (null)
r3i1n30, 36, 85248, 900000, (null)
r3i1n31, 36, 85248, 900000, (null)
r3i1n32, 36, 85248, 900000, (null)
r3i1n33, 36, 85248, 900000, (null)
r3i1n34, 36, 85248, 900000, (null)
r3i1n35, 36, 85248, 900000, (null)
r3i2n0, 36, 85248, 900000, (null)
r3i2n1, 36, 85248, 900000, (null)
r3i2n2, 36, 85248, 900000, (null)
r3i2n3, 36, 85248, 900000, (null)
r3i2n4, 36, 85248, 900000, (null)
r3i2n5, 36, 85248, 900000, (null)
r3i2n6, 36, 85248, 900000, (null)
r3i2n7, 36, 85248, 900000, (null)
r3i2n8, 36, 85248, 900000, (null)
r3i2n9, 36, 85248, 900000, (null)
r3i2n10, 36, 85248, 900000, (null)
r3i2n11, 36, 85248, 900000, (null)
r3i2n12, 36, 85248, 900000, (null)
r3i2n13, 36, 85248, 900000, (null)
r3i2n14, 36, 85248, 900000, (null)
r3i2n15, 36, 85248, 900000, (null)
r3i2n16, 36, 85248, 900000, (null)
r3i2n17, 36, 85248, 900000, (null)
r3i2n18, 36, 85248, 900000, (null)
r3i2n19, 36, 85248, 900000, (null)
r3i2n20, 36, 85248, 900000, (null)
r3i2n21, 36, 85248, 900000, (null)
r3i2n22, 36, 85248, 900000, (null)
r3i2n23, 36, 85248, 900000, (null)
r3i2n24, 36, 85248, 900000, (null)
r3i2n25, 36, 85248, 900000, (null)
r3i2n26, 36, 85248, 900000, (null)
r3i2n27, 36, 85248, 900000, (null)
r3i2n28, 36, 85248, 900000, (null)
r3i2n29, 36, 85248, 900000, (null)
r3i2n30, 36, 85248, 900000, (null)
r3i2n31, 36, 85248, 900000, (null)
r3i2n32, 36, 85248, 900000, (null)
r3i2n33, 36, 85248, 900000, (null)
r3i2n34, 36, 85248, 900000, (null)
r3i2n35, 36, 85248, 900000, (null)
r3i3n0, 36, 85248, 900000, (null)
r3i3n1, 36, 85248, 900000, (null)
r3i3n2, 36, 85248, 900000, (null)
r3i3n3, 36, 85248, 900000, (null)
r3i3n4, 36, 85248, 900000, (null)
r3i3n5, 36, 85248, 900000, (null)
r3i3n6, 36, 85248, 900000, (null)
r3i3n7, 36, 85248, 900000, (null)
r3i3n8, 36, 85248, 900000, (null)
r3i3n9, 36, 85248, 900000, (null)
r3i3n10, 36, 85248, 900000, (null)
r3i3n11, 36, 85248, 900000, (null)
r3i3n12, 36, 85248, 900000, (null)
r3i3n13, 36, 85248, 900000, (null)
r3i3n14, 36, 85248, 900000, (null)
r3i3n15, 36, 85248, 900000, (null)
r3i3n16, 36, 85248, 900000, (null)
r3i3n17, 36, 85248, 900000, (null)
r3i3n18, 36, 85248, 900000, (null)
r3i3n19, 36, 85248, 900000, (null)
r3i3n20, 36, 85248, 900000, (null)
r3i3n21, 36, 85248, 900000, (null)
r3i3n22, 36, 85248, 900000, (null)
r3i3n23, 36, 85248, 900000, (null)
r3i3n24, 36, 85248, 900000, (null)
r3i3n25, 36, 85248, 900000, (null)
r3i3n26, 36, 85248, 900000, (null)
r3i3n27, 36, 85248, 900000, (null)
r3i3n28, 36, 85248, 900000, (null)
r3i3n29, 36, 85248, 900000, (null)
r3i3n30, 36, 85248, 900000, (null)
r3i3n31, 36, 85248, 900000, (null)
r3i3n32, 36, 85248, 900000, (null)
r3i3n33, 36, 85248, 900000, (null)
r3i3n34, 36, 85248, 900000, (null)
r3i3n35, 36, 85248, 900000, (null)
r3i4n0, 36, 85248, 900000, (null)
r3i4n1, 36, 85248, 900000, (null)
r3i4n2, 36, 85248, 900000, (null)
r3i4n3, 36, 85248, 900000, (null)
r3i4n4, 36, 85248, 900000, (null)
r3i4n5, 36, 85248, 900000, (null)
r3i4n6, 36, 85248, 900000, (null)
r3i4n7, 36, 85248, 900000, (null)
r3i4n8, 36, 85248, 900000, (null)
r3i4n9, 36, 85248, 900000, (null)
r3i4n10, 36, 85248, 900000, (null)
r3i4n11, 36, 85248, 900000, (null)
r3i4n12, 36, 85248, 900000, (null)
r3i4n13, 36, 85248, 900000, (null)
r3i4n14, 36, 85248, 900000, (null)
r3i4n15, 36, 85248, 900000, (null)
r3i4n16, 36, 85248, 900000, (null)
r3i4n17, 36, 85248, 900000, (null)
r3i4n18, 36, 85248, 900000, (null)
r3i4n19, 36, 85248, 900000, (null)
r3i4n20, 36, 85248, 900000, (null)
r3i4n21, 36, 85248, 900000, (null)
r3i4n22, 36, 85248, 900000, (null)
r3i4n23, 36, 85248, 900000, (null)
r3i4n24, 36, 85248, 900000, (null)
r3i4n25, 36, 85248, 900000, (null)
r3i4n26, 36, 85248, 900000, (null)
r3i4n27, 36, 85248, 900000, (null)
r3i4n28, 36, 85248, 900000, (null)
r3i4n29, 36, 85248, 900000, (null)
r3i4n30, 36, 85248, 900000, (null)
r3i4n31, 36, 85248, 900000, (null)
r3i4n32, 36, 85248, 900000, (null)
r3i4n33, 36, 85248, 900000, (null)
r3i4n34, 36, 85248, 900000, (null)
r3i4n35, 36, 85248, 900000, (null)
r3i5n0, 36, 85248, 900000, (null)
r3i5n1, 36, 85248, 900000, (null)
r3i5n2, 36, 85248, 900000, (null)
r3i5n3, 36, 85248, 900000, (null)
r3i5n4, 36, 85248, 900000, (null)
r3i5n5, 36, 85248, 900000, (null)
r3i5n6, 36, 85248, 900000, (null)
r3i5n7, 36, 85248, 900000, (null)
r3i5n8, 36, 85248, 900000, (null)
r3i5n9, 36, 85248, 900000, (null)
r3i5n10, 36, 85248, 900000, (null)
r3i5n11, 36, 85248, 900000, (null)
r3i5n12, 36, 85248, 900000, (null)
r3i5n13, 36, 85248, 900000, (null)
r3i5n14, 36, 85248, 900000, (null)
r3i5n15, 36, 85248, 900000, (null)
r3i5n16, 36, 85248, 900000, (null)
r3i5n17, 36, 85248, 900000, (null)
r3i5n18, 36, 85248, 900000, (null)
r3i5n19, 36, 85248, 900000, (null)
r3i5n20, 36, 85248, 900000, (null)
r3i5n21, 36, 85248, 900000, (null)
r3i5n22, 36, 85248, 900000, (null)
r3i5n23, 36, 85248, 900000, (null)
r3i5n24, 36, 85248, 900000, (null)
r3i5n26, 36, 85248, 900000, (null)
r3i5n27, 36, 85248, 900000, (null)
r3i5n28, 36, 85248, 900000, (null)
r3i5n29, 36, 85248, 900000, (null)
r3i5n30, 36, 85248, 900000, (null)
r3i5n31, 36, 85248, 900000, (null)
r3i5n32, 36, 85248, 900000, (null)
r3i5n33, 36, 85248, 900000, (null)
r3i5n34, 36, 85248, 900000, (null)
r3i5n35, 36, 85248, 900000, (null)
r3i6n0, 36, 85248, 900000, (null)
r3i6n1, 36, 85248, 900000, (null)
r3i6n2, 36, 85248, 900000, (null)
r3i6n3, 36, 85248, 900000, (null)
r3i6n4, 36, 85248, 900000, (null)
r3i6n5, 36, 85248, 900000, (null)
r3i6n6, 36, 85248, 900000, (null)
r3i6n7, 36, 85248, 900000, (null)
r3i6n8, 36, 85248, 900000, (null)
r3i6n9, 36, 85248, 900000, (null)
r3i6n10, 36, 85248, 900000, (null)
r3i6n11, 36, 85248, 900000, (null)
r3i6n12, 36, 85248, 900000, (null)
r3i6n13, 36, 85248, 900000, (null)
r3i6n14, 36, 85248, 900000, (null)
r3i6n15, 36, 85248, 900000, (null)
r3i6n16, 36, 85248, 900000, (null)
r3i6n17, 36, 85248, 900000, (null)
r3i6n18, 36, 85248, 900000, (null)
r3i6n19, 36, 85248, 900000, (null)
r3i6n20, 36, 85248, 900000, (null)
r3i6n21, 36, 85248, 900000, (null)
r3i6n22, 36, 85248, 900000, (null)
r3i6n23, 36, 85248, 900000, (null)
r3i6n24, 36, 85248, 900000, (null)
r3i6n25, 36, 85248, 900000, (null)
r3i6n26, 36, 85248, 900000, (null)
r3i6n27, 36, 85248, 900000, (null)
r3i6n28, 36, 85248, 900000, (null)
r3i6n29, 36, 85248, 900000, (null)
r3i6n30, 36, 85248, 900000, (null)
r3i6n31, 36, 85248, 900000, (null)
r3i6n32, 36, 85248, 900000, (null)
r3i6n33, 36, 85248, 900000, (null)
r3i6n34, 36, 85248, 900000, (null)
r3i6n35, 36, 85248, 900000, (null)
r3i7n0, 36, 85248, 900000, (null)
r3i7n1, 36, 85248, 900000, (null)
r3i7n2, 36, 85248, 900000, (null)
r3i7n3, 36, 85248, 900000, (null)
r3i7n4, 36, 85248, 900000, (null)
r3i7n5, 36, 85248, 900000, (null)
r3i7n6, 36, 85248, 900000, (null)
r3i7n7, 36, 85248, 900000, (null)
r3i7n10, 36, 85248, 900000, (null)
r3i7n11, 36, 85248, 900000, (null)
r3i7n13, 36, 85248, 900000, (null)
r3i7n14, 36, 85248, 900000, (null)
r3i7n15, 36, 85248, 900000, (null)
r3i7n16, 36, 85248, 900000, (null)
r3i7n17, 36, 85248, 900000, (null)
r3i7n18, 36, 85248, 900000, (null)
r3i7n19, 36, 85248, 900000, (null)
r3i7n20, 36, 85248, 900000, (null)
r3i7n21, 36, 85248, 900000, (null)
r3i7n22, 36, 85248, 900000, (null)
r3i7n23, 36, 85248, 900000, (null)
r3i7n24, 36, 85248, 900000, (null)
r3i7n25, 36, 85248, 900000, (null)
r3i7n26, 36, 85248, 900000, (null)
r3i7n27, 36, 85248, 900000, (null)
r3i7n28, 36, 85248, 900000, (null)
r3i7n29, 36, 85248, 900000, (null)
r3i7n30, 36, 85248, 900000, (null)
r3i7n31, 36, 85248, 900000, (null)
r3i7n32, 36, 85248, 900000, (null)
r3i7n33, 36, 85248, 900000, (null)
r3i7n34, 36, 85248, 900000, (null)
r4i0n0, 36, 85248, 900000, (null)
r4i0n1, 36, 85248, 900000, (null)
r4i0n2, 36, 85248, 900000, (null)
r4i0n3, 36, 85248, 900000, (null)
r4i0n4, 36, 85248, 900000, (null)
r4i0n5, 36, 85248, 900000, (null)
r4i0n6, 36, 85248, 900000, (null)
r4i0n7, 36, 85248, 900000, (null)
r4i0n8, 36, 85248, 900000, (null)
r4i0n9, 36, 85248, 900000, (null)
r4i0n10, 36, 85248, 900000, (null)
r4i0n11, 36, 85248, 900000, (null)
r4i0n12, 36, 85248, 900000, (null)
r4i0n13, 36, 85248, 900000, (null)
r4i0n14, 36, 85248, 900000, (null)
r4i0n15, 36, 85248, 900000, (null)
r4i0n16, 36, 85248, 900000, (null)
r4i0n17, 36, 85248, 900000, (null)
r4i0n18, 36, 85248, 900000, (null)
r4i0n19, 36, 85248, 900000, (null)
r4i0n20, 36, 85248, 900000, (null)
r4i0n21, 36, 85248, 900000, (null)
r4i0n22, 36, 85248, 900000, (null)
r4i0n23, 36, 85248, 900000, (null)
r4i0n24, 36, 85248, 900000, (null)
r4i0n25, 36, 85248, 900000, (null)
r4i0n26, 36, 85248, 900000, (null)
r4i0n27, 36, 85248, 900000, (null)
r4i0n28, 36, 85248, 900000, (null)
r4i0n29, 36, 85248, 900000, (null)
r4i0n30, 36, 85248, 900000, (null)
r4i0n31, 36, 85248, 900000, (null)
r4i0n32, 36, 85248, 900000, (null)
r4i0n33, 36, 85248, 900000, (null)
r4i0n34, 36, 85248, 900000, (null)
r4i0n35, 36, 85248, 900000, (null)
r4i1n1, 36, 85248, 900000, (null)
r4i1n4, 36, 85248, 900000, (null)
r4i1n5, 36, 85248, 900000, (null)
r4i1n8, 36, 85248, 900000, (null)
r4i1n9, 36, 85248, 900000, (null)
r4i1n10, 36, 85248, 900000, (null)
r4i1n11, 36, 85248, 900000, (null)
r4i1n12, 36, 85248, 900000, (null)
r4i1n13, 36, 85248, 900000, (null)
r4i1n14, 36, 85248, 900000, (null)
r4i1n15, 36, 85248, 900000, (null)
r4i1n16, 36, 85248, 900000, (null)
r4i1n17, 36, 85248, 900000, (null)
r4i1n18, 36, 85248, 900000, (null)
r4i1n19, 36, 85248, 900000, (null)
r4i1n20, 36, 85248, 900000, (null)
r4i1n21, 36, 85248, 900000, (null)
r4i1n22, 36, 85248, 900000, (null)
r4i1n23, 36, 85248, 900000, (null)
r4i1n24, 36, 85248, 900000, (null)
r4i1n25, 36, 85248, 900000, (null)
r4i1n26, 36, 85248, 900000, (null)
r4i1n27, 36, 85248, 900000, (null)
r4i1n28, 36, 85248, 900000, (null)
r4i1n29, 36, 85248, 900000, (null)
r4i1n30, 36, 85248, 900000, (null)
r4i1n31, 36, 85248, 900000, (null)
r4i1n32, 36, 85248, 900000, (null)
r4i1n33, 36, 85248, 900000, (null)
r4i1n34, 36, 85248, 900000, (null)
r4i1n35, 36, 85248, 900000, (null)
r4i2n0, 36, 85248, 900000, (null)
r4i2n1, 36, 85248, 900000, (null)
r4i2n2, 36, 85248, 900000, (null)
r4i2n3, 36, 85248, 900000, (null)
r4i2n4, 36, 85248, 900000, (null)
r4i2n5, 36, 85248, 900000, (null)
r4i2n6, 36, 85248, 900000, (null)
r4i2n7, 36, 85248, 900000, (null)
r4i2n8, 36, 85248, 900000, (null)
r4i2n10, 36, 85248, 900000, (null)
r4i2n11, 36, 85248, 900000, (null)
r4i2n12, 36, 85248, 900000, (null)
r4i2n13, 36, 85248, 900000, (null)
r4i2n14, 36, 85248, 900000, (null)
r4i2n15, 36, 85248, 900000, (null)
r4i2n16, 36, 85248, 900000, (null)
r4i2n17, 36, 85248, 900000, (null)
r4i2n18, 36, 85248, 900000, (null)
r4i2n19, 36, 85248, 900000, (null)
r4i2n20, 36, 85248, 900000, (null)
r4i2n21, 36, 85248, 900000, (null)
r4i2n22, 36, 85248, 900000, (null)
r4i2n23, 36, 85248, 900000, (null)
r4i2n24, 36, 85248, 900000, (null)
r4i2n25, 36, 85248, 900000, (null)
r4i2n26, 36, 85248, 900000, (null)
r4i2n27, 36, 85248, 900000, (null)
r4i2n28, 36, 85248, 900000, (null)
r4i2n29, 36, 85248, 900000, (null)
r4i2n30, 36, 85248, 900000, (null)
r4i2n31, 36, 85248, 900000, (null)
r4i2n32, 36, 85248, 900000, (null)
r4i2n33, 36, 85248, 900000, (null)
r4i2n34, 36, 85248, 900000, (null)
r4i2n35, 36, 85248, 900000, (null)
r4i3n0, 36, 85248, 900000, (null)
r4i3n1, 36, 85248, 900000, (null)
r4i3n2, 36, 85248, 900000, (null)
r4i3n3, 36, 85248, 900000, (null)
r4i3n4, 36, 85248, 900000, (null)
r4i3n5, 36, 85248, 900000, (null)
r4i3n6, 36, 85248, 900000, (null)
r4i3n7, 36, 85248, 900000, (null)
r4i3n8, 36, 85248, 900000, (null)
r4i3n10, 36, 85248, 900000, (null)
r4i3n11, 36, 85248, 900000, (null)
r4i3n12, 36, 85248, 900000, (null)
r4i3n13, 36, 85248, 900000, (null)
r4i3n14, 36, 85248, 900000, (null)
r4i3n15, 36, 85248, 900000, (null)
r4i3n16, 36, 85248, 900000, (null)
r4i3n17, 36, 85248, 900000, (null)
r4i3n18, 36, 85248, 900000, (null)
r4i3n19, 36, 85248, 900000, (null)
r4i3n20, 36, 85248, 900000, (null)
r4i3n21, 36, 85248, 900000, (null)
r4i3n22, 36, 85248, 900000, (null)
r4i3n24, 36, 85248, 900000, (null)
r4i3n25, 36, 85248, 900000, (null)
r4i3n26, 36, 85248, 900000, (null)
r4i3n27, 36, 85248, 900000, (null)
r4i3n28, 36, 85248, 900000, (null)
r4i3n29, 36, 85248, 900000, (null)
r4i3n30, 36, 85248, 900000, (null)
r4i3n31, 36, 85248, 900000, (null)
r4i3n32, 36, 85248, 900000, (null)
r4i3n33, 36, 85248, 900000, (null)
r4i3n34, 36, 85248, 900000, (null)
r4i3n35, 36, 85248, 900000, (null)
r4i4n0, 36, 85248, 900000, (null)
r4i4n1, 36, 85248, 900000, (null)
r4i4n2, 36, 85248, 900000, (null)
r4i4n3, 36, 85248, 900000, (null)
r4i4n4, 36, 85248, 900000, (null)
r4i4n5, 36, 85248, 900000, (null)
r4i4n6, 36, 85248, 900000, (null)
r4i4n7, 36, 85248, 900000, (null)
r4i4n8, 36, 85248, 900000, (null)
r4i4n9, 36, 85248, 900000, (null)
r4i4n10, 36, 85248, 900000, (null)
r4i4n11, 36, 85248, 900000, (null)
r4i4n12, 36, 85248, 900000, (null)
r4i4n13, 36, 85248, 900000, (null)
r4i4n14, 36, 85248, 900000, (null)
r4i4n15, 36, 85248, 900000, (null)
r4i4n16, 36, 85248, 900000, (null)
r4i4n17, 36, 85248, 900000, (null)
r4i4n18, 36, 85248, 900000, (null)
r4i4n19, 36, 85248, 900000, (null)
r4i4n20, 36, 85248, 900000, (null)
r4i4n21, 36, 85248, 900000, (null)
r4i4n22, 36, 85248, 900000, (null)
r4i4n23, 36, 85248, 900000, (null)
r4i4n24, 36, 85248, 900000, (null)
r4i4n25, 36, 85248, 900000, (null)
r4i4n26, 36, 85248, 900000, (null)
r4i4n27, 36, 85248, 900000, (null)
r4i4n28, 36, 85248, 900000, (null)
r4i4n29, 36, 85248, 900000, (null)
r4i4n30, 36, 85248, 900000, (null)
r4i4n31, 36, 85248, 900000, (null)
r4i4n32, 36, 85248, 900000, (null)
r4i4n33, 36, 85248, 900000, (null)
r4i4n34, 36, 85248, 900000, (null)
r4i4n35, 36, 85248, 900000, (null)
r4i5n0, 36, 85248, 900000, (null)
r4i5n2, 36, 85248, 900000, (null)
r4i5n3, 36, 85248, 900000, (null)
r4i5n4, 36, 85248, 900000, (null)
r4i5n5, 36, 85248, 900000, (null)
r4i5n6, 36, 85248, 900000, (null)
r4i5n7, 36, 85248, 900000, (null)
r4i5n8, 36, 85248, 900000, (null)
r4i5n10, 36, 85248, 900000, (null)
r4i5n12, 36, 85248, 900000, (null)
r4i5n13, 36, 85248, 900000, (null)
r4i5n14, 36, 85248, 900000, (null)
r4i5n15, 36, 85248, 900000, (null)
r4i5n18, 36, 85248, 900000, (null)
r4i5n19, 36, 85248, 900000, (null)
r4i5n20, 36, 85248, 900000, (null)
r4i5n21, 36, 85248, 900000, (null)
r4i5n22, 36, 85248, 900000, (null)
r4i5n23, 36, 85248, 900000, (null)
r4i5n24, 36, 85248, 900000, (null)
r4i5n25, 36, 85248, 900000, (null)
r4i5n26, 36, 85248, 900000, (null)
r4i5n27, 36, 85248, 900000, (null)
r4i5n28, 36, 85248, 900000, (null)
r4i5n29, 36, 85248, 900000, (null)
r4i5n30, 36, 85248, 900000, (null)
r4i5n31, 36, 85248, 900000, (null)
r4i5n32, 36, 85248, 900000, (null)
r4i5n33, 36, 85248, 900000, (null)
r4i5n34, 36, 85248, 900000, (null)
r4i6n0, 36, 85248, 900000, (null)
r4i6n1, 36, 85248, 900000, (null)
r4i6n3, 36, 85248, 900000, (null)
r4i6n5, 36, 85248, 900000, (null)
r4i6n7, 36, 85248, 900000, (null)
r4i6n8, 36, 85248, 900000, (null)
r4i6n9, 36, 85248, 900000, (null)
r4i6n10, 36, 85248, 900000, (null)
r4i6n12, 36, 85248, 900000, (null)
r4i6n13, 36, 85248, 900000, (null)
r4i6n14, 36, 85248, 900000, (null)
r4i6n15, 36, 85248, 900000, (null)
r4i6n16, 36, 85248, 900000, (null)
r4i6n17, 36, 85248, 900000, (null)
r4i6n18, 36, 85248, 900000, (null)
r4i6n19, 36, 85248, 900000, (null)
r4i6n21, 36, 85248, 900000, (null)
r4i6n23, 36, 85248, 900000, (null)
r4i6n24, 36, 85248, 900000, (null)
r4i6n25, 36, 85248, 900000, (null)
r4i6n26, 36, 85248, 900000, (null)
r4i6n27, 36, 85248, 900000, (null)
r4i6n28, 36, 85248, 900000, (null)
r4i6n30, 36, 85248, 900000, (null)
r4i6n31, 36, 85248, 900000, (null)
r4i6n32, 36, 85248, 900000, (null)
r4i6n34, 36, 85248, 900000, (null)
r4i6n35, 36, 85248, 900000, (null)
r4i7n2, 36, 85248, 900000, (null)
r4i7n3, 36, 85248, 900000, (null)
r4i7n4, 36, 85248, 900000, (null)
r4i7n5, 36, 85248, 900000, (null)
r4i7n6, 36, 85248, 900000, (null)
r4i7n8, 36, 85248, 900000, (null)
r4i7n9, 36, 85248, 900000, (null)
r4i7n10, 36, 85248, 900000, (null)
r4i7n11, 36, 85248, 900000, (null)
r4i7n12, 36, 85248, 900000, (null)
r4i7n13, 36, 85248, 900000, (null)
r4i7n14, 36, 85248, 900000, (null)
r4i7n15, 36, 85248, 900000, (null)
r4i7n16, 36, 85248, 900000, (null)
r4i7n17, 36, 85248, 900000, (null)
r4i7n18, 36, 85248, 900000, (null)
r4i7n19, 36, 85248, 900000, (null)
r4i7n20, 36, 85248, 900000, (null)
r4i7n21, 36, 85248, 900000, (null)
r4i7n22, 36, 85248, 900000, (null)
r4i7n23, 36, 85248, 900000, (null)
r4i7n24, 36, 85248, 900000, (null)
r4i7n25, 36, 85248, 900000, (null)
r4i7n26, 36, 85248, 900000, (null)
r4i7n27, 36, 85248, 900000, (null)
r4i7n28, 36, 85248, 900000, (null)
r4i7n29, 36, 85248, 900000, (null)
r4i7n30, 36, 85248, 900000, (null)
r4i7n31, 36, 85248, 900000, (null)
r4i7n32, 36, 85248, 900000, (null)
r4i7n33, 36, 85248, 900000, (null)
r4i7n34, 36, 85248, 900000, (null)
r5i0n0, 36, 85248, 900000, (null)
r5i0n1, 36, 85248, 900000, (null)
r5i0n2, 36, 85248, 900000, (null)
r5i0n3, 36, 85248, 900000, (null)
r5i0n4, 36, 85248, 900000, (null)
r5i0n5, 36, 85248, 900000, (null)
r5i0n6, 36, 85248, 900000, (null)
r5i0n7, 36, 85248, 900000, (null)
r5i0n8, 36, 85248, 900000, (null)
r5i0n9, 36, 85248, 900000, (null)
r5i0n10, 36, 85248, 900000, (null)
r5i0n11, 36, 85248, 900000, (null)
r5i0n12, 36, 85248, 900000, (null)
r5i0n13, 36, 85248, 900000, (null)
r5i0n14, 36, 85248, 900000, (null)
r5i0n15, 36, 85248, 900000, (null)
r5i0n16, 36, 85248, 900000, (null)
r5i0n17, 36, 85248, 900000, (null)
r5i0n18, 36, 85248, 900000, (null)
r5i0n19, 36, 85248, 900000, (null)
r5i0n20, 36, 85248, 900000, (null)
r5i0n21, 36, 85248, 900000, (null)
r5i0n22, 36, 85248, 900000, (null)
r5i0n23, 36, 85248, 900000, (null)
r5i0n24, 36, 85248, 900000, (null)
r5i0n25, 36, 85248, 900000, (null)
r5i0n26, 36, 85248, 900000, (null)
r5i0n27, 36, 85248, 900000, (null)
r5i0n28, 36, 85248, 900000, (null)
r5i0n29, 36, 85248, 900000, (null)
r5i0n30, 36, 85248, 900000, (null)
r5i0n31, 36, 85248, 900000, (null)
r5i0n32, 36, 85248, 900000, (null)
r5i0n33, 36, 85248, 900000, (null)
r5i0n34, 36, 85248, 900000, (null)
r5i0n35, 36, 85248, 900000, (null)
r5i1n0, 36, 85248, 900000, (null)
r5i1n1, 36, 85248, 900000, (null)
r5i1n2, 36, 85248, 900000, (null)
r5i1n3, 36, 85248, 900000, (null)
r5i1n4, 36, 85248, 900000, (null)
r5i1n5, 36, 85248, 900000, (null)
r5i1n6, 36, 85248, 900000, (null)
r5i1n7, 36, 85248, 900000, (null)
r5i1n8, 36, 85248, 900000, (null)
r5i1n9, 36, 85248, 900000, (null)
r5i1n10, 36, 85248, 900000, (null)
r5i1n11, 36, 85248, 900000, (null)
r5i1n12, 36, 85248, 900000, (null)
r5i1n13, 36, 85248, 900000, (null)
r5i1n14, 36, 85248, 900000, (null)
r5i1n15, 36, 85248, 900000, (null)
r5i1n16, 36, 85248, 900000, (null)
r5i1n17, 36, 85248, 900000, (null)
r5i1n18, 36, 85248, 900000, (null)
r5i1n19, 36, 85248, 900000, (null)
r5i1n20, 36, 85248, 900000, (null)
r5i1n21, 36, 85248, 900000, (null)
r5i1n22, 36, 85248, 900000, (null)
r5i1n23, 36, 85248, 900000, (null)
r5i1n24, 36, 85248, 900000, (null)
r5i1n25, 36, 85248, 900000, (null)
r5i1n26, 36, 85248, 900000, (null)
r5i1n27, 36, 85248, 900000, (null)
r5i1n28, 36, 85248, 900000, (null)
r5i1n29, 36, 85248, 900000, (null)
r5i1n30, 36, 85248, 900000, (null)
r5i1n31, 36, 85248, 900000, (null)
r5i1n32, 36, 85248, 900000, (null)
r5i1n33, 36, 85248, 900000, (null)
r5i1n34, 36, 85248, 900000, (null)
r5i1n35, 36, 85248, 900000, (null)
r5i2n0, 36, 85248, 900000, (null)
r5i2n1, 36, 85248, 900000, (null)
r5i2n2, 36, 85248, 900000, (null)
r5i2n3, 36, 85248, 900000, (null)
r5i2n4, 36, 85248, 900000, (null)
r5i2n5, 36, 85248, 900000, (null)
r5i2n6, 36, 85248, 900000, (null)
r5i2n7, 36, 85248, 900000, (null)
r5i2n8, 36, 85248, 900000, (null)
r5i2n9, 36, 85248, 900000, (null)
r5i2n10, 36, 85248, 900000, (null)
r5i2n11, 36, 85248, 900000, (null)
r5i2n12, 36, 85248, 900000, (null)
r5i2n13, 36, 85248, 900000, (null)
r5i2n14, 36, 85248, 900000, (null)
r5i2n15, 36, 85248, 900000, (null)
r5i2n16, 36, 85248, 900000, (null)
r5i2n17, 36, 85248, 900000, (null)
r5i2n18, 36, 85248, 900000, (null)
r5i2n19, 36, 85248, 900000, (null)
r5i2n20, 36, 85248, 900000, (null)
r5i2n21, 36, 85248, 900000, (null)
r5i2n22, 36, 85248, 900000, (null)
r5i2n23, 36, 85248, 900000, (null)
r5i2n24, 36, 85248, 900000, (null)
r5i2n25, 36, 85248, 900000, (null)
r5i2n26, 36, 85248, 900000, (null)
r5i2n27, 36, 85248, 900000, (null)
r5i2n28, 36, 85248, 900000, (null)
r5i2n29, 36, 85248, 900000, (null)
r5i2n30, 36, 85248, 900000, (null)
r5i2n31, 36, 85248, 900000, (null)
r5i2n32, 36, 85248, 900000, (null)
r5i2n33, 36, 85248, 900000, (null)
r5i2n34, 36, 85248, 900000, (null)
r5i2n35, 36, 85248, 900000, (null)
r5i3n0, 36, 85248, 900000, (null)
r5i3n1, 36, 85248, 900000, (null)
r5i3n2, 36, 85248, 900000, (null)
r5i3n3, 36, 85248, 900000, (null)
r5i3n4, 36, 85248, 900000, (null)
r5i3n5, 36, 85248, 900000, (null)
r5i3n6, 36, 85248, 900000, (null)
r5i3n7, 36, 85248, 900000, (null)
r5i3n8, 36, 85248, 900000, (null)
r5i3n9, 36, 85248, 900000, (null)
r5i3n10, 36, 85248, 900000, (null)
r5i3n11, 36, 85248, 900000, (null)
r5i3n12, 36, 85248, 900000, (null)
r5i3n13, 36, 85248, 900000, (null)
r5i3n14, 36, 85248, 900000, (null)
r5i3n15, 36, 85248, 900000, (null)
r5i3n16, 36, 85248, 900000, (null)
r5i3n17, 36, 85248, 900000, (null)
r5i3n18, 36, 85248, 900000, (null)
r5i3n19, 36, 85248, 900000, (null)
r5i3n20, 36, 85248, 900000, (null)
r5i3n21, 36, 85248, 900000, (null)
r5i3n22, 36, 85248, 900000, (null)
r5i3n23, 36, 85248, 900000, (null)
r5i3n24, 36, 85248, 900000, (null)
r5i3n26, 36, 85248, 900000, (null)
r5i3n27, 36, 85248, 900000, (null)
r5i3n28, 36, 85248, 900000, (null)
r5i3n30, 36, 85248, 900000, (null)
r5i3n31, 36, 85248, 900000, (null)
r5i3n32, 36, 85248, 900000, (null)
r5i3n33, 36, 85248, 900000, (null)
r5i3n34, 36, 85248, 900000, (null)
r5i3n35, 36, 85248, 900000, (null)
r5i4n0, 36, 85248, 900000, (null)
r5i4n1, 36, 85248, 900000, (null)
r5i4n5, 36, 85248, 900000, (null)
r5i4n7, 36, 85248, 900000, (null)
r5i4n8, 36, 85248, 900000, (null)
r5i4n9, 36, 85248, 900000, (null)
r5i4n10, 36, 85248, 900000, (null)
r5i4n11, 36, 85248, 900000, (null)
r5i4n12, 36, 85248, 900000, (null)
r5i4n13, 36, 85248, 900000, (null)
r5i4n14, 36, 85248, 900000, (null)
r5i4n15, 36, 85248, 900000, (null)
r5i4n16, 36, 85248, 900000, (null)
r5i4n17, 36, 85248, 900000, (null)
r5i4n18, 36, 85248, 900000, (null)
r5i4n19, 36, 85248, 900000, (null)
r5i4n20, 36, 85248, 900000, (null)
r5i4n22, 36, 85248, 900000, (null)
r5i4n23, 36, 85248, 900000, (null)
r5i4n24, 36, 85248, 900000, (null)
r5i4n25, 36, 85248, 900000, (null)
r5i4n26, 36, 85248, 900000, (null)
r5i4n27, 36, 85248, 900000, (null)
r5i4n28, 36, 85248, 900000, (null)
r5i4n29, 36, 85248, 900000, (null)
r5i4n30, 36, 85248, 900000, (null)
r5i4n31, 36, 85248, 900000, (null)
r5i4n32, 36, 85248, 900000, (null)
r5i4n33, 36, 85248, 900000, (null)
r5i4n34, 36, 85248, 900000, (null)
r5i4n35, 36, 85248, 900000, (null)
r5i5n0, 36, 85248, 900000, (null)
r5i5n1, 36, 85248, 900000, (null)
r5i5n2, 36, 85248, 900000, (null)
r5i5n3, 36, 85248, 900000, (null)
r5i5n5, 36, 85248, 900000, (null)
r5i5n6, 36, 85248, 900000, (null)
r5i5n7, 36, 85248, 900000, (null)
r5i5n8, 36, 85248, 900000, (null)
r5i5n11, 36, 85248, 900000, (null)
r5i5n12, 36, 85248, 900000, (null)
r5i5n14, 36, 85248, 900000, (null)
r5i5n15, 36, 85248, 900000, (null)
r5i5n17, 36, 85248, 900000, (null)
r5i5n18, 36, 85248, 900000, (null)
r5i5n19, 36, 85248, 900000, (null)
r5i5n20, 36, 85248, 900000, (null)
r5i5n21, 36, 85248, 900000, (null)
r5i5n23, 36, 85248, 900000, (null)
r5i5n24, 36, 85248, 900000, (null)
r5i5n26, 36, 85248, 900000, (null)
r5i5n27, 36, 85248, 900000, (null)
r5i5n28, 36, 85248, 900000, (null)
r5i5n29, 36, 85248, 900000, (null)
r5i5n30, 36, 85248, 900000, (null)
r5i5n31, 36, 85248, 900000, (null)
r5i5n32, 36, 85248, 900000, (null)
r5i5n33, 36, 85248, 900000, (null)
r5i6n0, 36, 85248, 900000, (null)
r5i6n1, 36, 85248, 900000, (null)
r5i6n2, 36, 85248, 900000, (null)
r5i6n3, 36, 85248, 900000, (null)
r5i6n4, 36, 85248, 900000, (null)
r5i6n5, 36, 85248, 900000, (null)
r5i6n6, 36, 85248, 900000, (null)
r5i6n8, 36, 85248, 900000, (null)
r5i6n9, 36, 85248, 900000, (null)
r5i6n19, 36, 85248, 900000, (null)
r5i6n23, 36, 85248, 900000, (null)
r5i6n24, 36, 85248, 900000, (null)
r5i6n25, 36, 85248, 900000, (null)
r5i6n26, 36, 85248, 900000, (null)
r5i6n29, 36, 85248, 900000, (null)
r5i6n30, 36, 85248, 900000, (null)
r5i6n31, 36, 85248, 900000, (null)
r5i6n32, 36, 85248, 900000, (null)
r5i6n33, 36, 85248, 900000, (null)
r5i6n34, 36, 85248, 900000, (null)
r5i6n35, 36, 85248, 900000, (null)
r5i7n0, 36, 85248, 900000, (null)
r5i7n1, 36, 85248, 900000, (null)
r5i7n2, 36, 85248, 900000, (null)
r5i7n3, 36, 85248, 900000, (null)
r5i7n4, 36, 85248, 900000, (null)
r5i7n5, 36, 85248, 900000, (null)
r5i7n6, 36, 85248, 900000, (null)
r5i7n7, 36, 85248, 900000, (null)
r5i7n8, 36, 85248, 900000, (null)
r5i7n9, 36, 85248, 900000, (null)
r5i7n10, 36, 85248, 900000, (null)
r5i7n12, 36, 85248, 900000, (null)
r5i7n13, 36, 85248, 900000, (null)
r5i7n16, 36, 85248, 900000, (null)
r5i7n17, 36, 85248, 900000, (null)
r5i7n18, 36, 85248, 900000, (null)
r5i7n20, 36, 85248, 900000, (null)
r5i7n21, 36, 85248, 900000, (null)
r5i7n22, 36, 85248, 900000, (null)
r5i7n23, 36, 85248, 900000, (null)
r5i7n24, 36, 85248, 900000, (null)
r5i7n25, 36, 85248, 900000, (null)
r5i7n26, 36, 85248, 900000, (null)
r5i7n27, 36, 85248, 900000, (null)
r5i7n28, 36, 85248, 900000, (null)
r5i7n29, 36, 85248, 900000, (null)
r5i7n30, 36, 85248, 900000, (null)
r5i7n32, 36, 85248, 900000, (null)
r5i7n33, 36, 85248, 900000, (null)
r5i7n34, 36, 85248, 900000, (null)
r6i0n0, 36, 85248, 900000, (null)
r6i0n1, 36, 85248, 900000, (null)
r6i0n2, 36, 85248, 900000, (null)
r6i0n3, 36, 85248, 900000, (null)
r6i0n4, 36, 85248, 900000, (null)
r6i0n5, 36, 85248, 900000, (null)
r6i0n6, 36, 85248, 900000, (null)
r6i0n7, 36, 85248, 900000, (null)
r6i0n8, 36, 85248, 900000, (null)
r6i0n9, 36, 85248, 900000, (null)
r6i0n10, 36, 85248, 900000, (null)
r6i0n11, 36, 85248, 900000, (null)
r6i0n12, 36, 85248, 900000, (null)
r6i0n13, 36, 85248, 900000, (null)
r6i0n14, 36, 85248, 900000, (null)
r6i0n15, 36, 85248, 900000, (null)
r6i0n16, 36, 85248, 900000, (null)
r6i0n17, 36, 85248, 900000, (null)
r6i0n18, 36, 85248, 900000, (null)
r6i0n19, 36, 85248, 900000, (null)
r6i0n20, 36, 85248, 900000, (null)
r6i0n21, 36, 85248, 900000, (null)
r6i0n22, 36, 85248, 900000, (null)
r6i0n23, 36, 85248, 900000, (null)
r6i0n24, 36, 85248, 900000, (null)
r6i0n25, 36, 85248, 900000, (null)
r6i0n26, 36, 85248, 900000, (null)
r6i0n27, 36, 85248, 900000, (null)
r6i0n28, 36, 85248, 900000, (null)
r6i0n29, 36, 85248, 900000, (null)
r6i0n30, 36, 85248, 900000, (null)
r6i0n31, 36, 85248, 900000, (null)
r6i0n32, 36, 85248, 900000, (null)
r6i0n33, 36, 85248, 900000, (null)
r6i0n34, 36, 85248, 900000, (null)
r6i0n35, 36, 85248, 900000, (null)
r6i1n0, 36, 85248, 900000, (null)
r6i1n3, 36, 85248, 900000, (null)
r6i1n4, 36, 85248, 900000, (null)
r6i1n5, 36, 85248, 900000, (null)
r6i1n6, 36, 85248, 900000, (null)
r6i1n7, 36, 85248, 900000, (null)
r6i1n8, 36, 85248, 900000, (null)
r6i1n9, 36, 85248, 900000, (null)
r6i1n10, 36, 85248, 900000, (null)
r6i1n11, 36, 85248, 900000, (null)
r6i1n12, 36, 85248, 900000, (null)
r6i1n13, 36, 85248, 900000, (null)
r6i1n14, 36, 85248, 900000, (null)
r6i1n18, 36, 85248, 900000, (null)
r6i1n19, 36, 85248, 900000, (null)
r6i1n20, 36, 85248, 900000, (null)
r6i1n21, 36, 85248, 900000, (null)
r6i1n22, 36, 85248, 900000, (null)
r6i1n24, 36, 85248, 900000, (null)
r6i1n25, 36, 85248, 900000, (null)
r6i1n26, 36, 85248, 900000, (null)
r6i1n27, 36, 85248, 900000, (null)
r6i1n28, 36, 85248, 900000, (null)
r6i1n29, 36, 85248, 900000, (null)
r6i1n30, 36, 85248, 900000, (null)
r6i1n31, 36, 85248, 900000, (null)
r6i1n32, 36, 85248, 900000, (null)
r6i1n33, 36, 85248, 900000, (null)
r6i1n35, 36, 85248, 900000, (null)
r6i2n0, 36, 85248, 900000, (null)
r6i2n1, 36, 85248, 900000, (null)
r6i2n2, 36, 85248, 900000, (null)
r6i2n3, 36, 85248, 900000, (null)
r6i2n4, 36, 85248, 900000, (null)
r6i2n5, 36, 85248, 900000, (null)
r6i2n6, 36, 85248, 900000, (null)
r6i2n7, 36, 85248, 900000, (null)
r6i2n8, 36, 85248, 900000, (null)
r6i2n9, 36, 85248, 900000, (null)
r6i2n10, 36, 85248, 900000, (null)
r6i2n11, 36, 85248, 900000, (null)
r6i2n12, 36, 85248, 900000, (null)
r6i2n13, 36, 85248, 900000, (null)
r6i2n14, 36, 85248, 900000, (null)
r6i2n15, 36, 85248, 900000, (null)
r6i2n16, 36, 85248, 900000, (null)
r6i2n17, 36, 85248, 900000, (null)
r6i2n18, 36, 85248, 900000, (null)
r6i2n19, 36, 85248, 900000, (null)
r6i2n20, 36, 85248, 900000, (null)
r6i2n21, 36, 85248, 900000, (null)
r6i2n22, 36, 85248, 900000, (null)
r6i2n23, 36, 85248, 900000, (null)
r6i2n24, 36, 85248, 900000, (null)
r6i2n25, 36, 85248, 900000, (null)
r6i2n26, 36, 85248, 900000, (null)
r6i2n27, 36, 85248, 900000, (null)
r6i2n28, 36, 85248, 900000, (null)
r6i2n29, 36, 85248, 900000, (null)
r6i2n31, 36, 85248, 900000, (null)
r6i2n32, 36, 85248, 900000, (null)
r6i2n33, 36, 85248, 900000, (null)
r6i2n34, 36, 85248, 900000, (null)
r6i2n35, 36, 85248, 900000, (null)
r6i3n0, 36, 85248, 900000, (null)
r6i3n1, 36, 85248, 900000, (null)
r6i3n4, 36, 85248, 900000, (null)
r6i3n5, 36, 85248, 900000, (null)
r6i3n6, 36, 85248, 900000, (null)
r6i3n7, 36, 85248, 900000, (null)
r6i3n8, 36, 85248, 900000, (null)
r6i3n9, 36, 85248, 900000, (null)
r6i3n10, 36, 85248, 900000, (null)
r6i3n11, 36, 85248, 900000, (null)
r6i3n12, 36, 85248, 900000, (null)
r6i3n13, 36, 85248, 900000, (null)
r6i3n14, 36, 85248, 900000, (null)
r6i3n15, 36, 85248, 900000, (null)
r6i3n17, 36, 85248, 900000, (null)
r6i3n18, 36, 85248, 900000, (null)
r6i3n19, 36, 85248, 900000, (null)
r6i3n20, 36, 85248, 900000, (null)
r6i3n21, 36, 85248, 900000, (null)
r6i3n23, 36, 85248, 900000, (null)
r6i3n24, 36, 85248, 900000, (null)
r6i3n26, 36, 85248, 900000, (null)
r6i3n27, 36, 85248, 900000, (null)
r6i3n28, 36, 85248, 900000, (null)
r6i3n29, 36, 85248, 900000, (null)
r6i3n30, 36, 85248, 900000, (null)
r6i3n31, 36, 85248, 900000, (null)
r6i3n33, 36, 85248, 900000, (null)
r6i3n34, 36, 85248, 900000, (null)
r6i3n35, 36, 85248, 900000, (null)
r6i4n0, 36, 85248, 900000, (null)
r6i4n1, 36, 85248, 900000, (null)
r6i4n2, 36, 85248, 900000, (null)
r6i4n3, 36, 85248, 900000, (null)
r6i4n4, 36, 85248, 900000, (null)
r6i4n5, 36, 85248, 900000, (null)
r6i4n6, 36, 85248, 900000, (null)
r6i4n7, 36, 85248, 900000, (null)
r6i4n8, 36, 85248, 900000, (null)
r6i4n9, 36, 85248, 900000, (null)
r6i4n10, 36, 85248, 900000, (null)
r6i4n11, 36, 85248, 900000, (null)
r6i4n12, 36, 85248, 900000, (null)
r6i4n13, 36, 85248, 900000, (null)
r6i4n14, 36, 85248, 900000, (null)
r6i4n15, 36, 85248, 900000, (null)
r6i4n16, 36, 85248, 900000, (null)
r6i4n17, 36, 85248, 900000, (null)
r6i4n18, 36, 85248, 900000, (null)
r6i4n19, 36, 85248, 900000, (null)
r6i4n21, 36, 85248, 900000, (null)
r6i4n22, 36, 85248, 900000, (null)
r6i4n23, 36, 85248, 900000, (null)
r6i4n24, 36, 85248, 900000, (null)
r6i4n25, 36, 85248, 900000, (null)
r6i4n26, 36, 85248, 900000, (null)
r6i4n27, 36, 85248, 900000, (null)
r6i4n28, 36, 85248, 900000, (null)
r6i4n29, 36, 85248, 900000, (null)
r6i4n30, 36, 85248, 900000, (null)
r6i4n32, 36, 85248, 900000, (null)
r6i4n33, 36, 85248, 900000, (null)
r6i4n34, 36, 85248, 900000, (null)
r6i4n35, 36, 85248, 900000, (null)
r6i5n0, 36, 85248, 900000, (null)
r6i5n1, 36, 85248, 900000, (null)
r6i5n2, 36, 85248, 900000, (null)
r6i5n4, 36, 85248, 900000, (null)
r6i5n6, 36, 85248, 900000, (null)
r6i5n8, 36, 85248, 900000, (null)
r6i5n9, 36, 85248, 900000, (null)
r6i5n10, 36, 85248, 900000, (null)
r6i5n11, 36, 85248, 900000, (null)
r6i5n12, 36, 85248, 900000, (null)
r6i5n13, 36, 85248, 900000, (null)
r6i5n14, 36, 85248, 900000, (null)
r6i5n15, 36, 85248, 900000, (null)
r6i5n16, 36, 85248, 900000, (null)
r6i5n17, 36, 85248, 900000, (null)
r6i5n18, 36, 85248, 900000, (null)
r6i5n19, 36, 85248, 900000, (null)
r6i5n20, 36, 85248, 900000, (null)
r6i5n21, 36, 85248, 900000, (null)
r6i5n22, 36, 85248, 900000, (null)
r6i5n23, 36, 85248, 900000, (null)
r6i5n24, 36, 85248, 900000, (null)
r6i5n25, 36, 85248, 900000, (null)
r6i5n26, 36, 85248, 900000, (null)
r6i5n27, 36, 85248, 900000, (null)
r6i5n29, 36, 85248, 900000, (null)
r6i5n30, 36, 85248, 900000, (null)
r6i5n31, 36, 85248, 900000, (null)
r6i5n32, 36, 85248, 900000, (null)
r6i5n33, 36, 85248, 900000, (null)
r6i5n34, 36, 85248, 900000, (null)
r6i5n35, 36, 85248, 900000, (null)
r6i6n0, 36, 85248, 900000, (null)
r6i6n1, 36, 85248, 900000, (null)
r6i6n2, 36, 85248, 900000, (null)
r6i6n5, 36, 85248, 900000, (null)
r6i6n6, 36, 85248, 900000, (null)
r6i6n7, 36, 85248, 900000, (null)
r6i6n8, 36, 85248, 900000, (null)
r6i6n9, 36, 85248, 900000, (null)
r6i6n10, 36, 85248, 900000, (null)
r6i6n11, 36, 85248, 900000, (null)
r6i6n12, 36, 85248, 900000, (null)
r6i6n13, 36, 85248, 900000, (null)
r6i6n14, 36, 85248, 900000, (null)
r6i6n15, 36, 85248, 900000, (null)
r6i6n16, 36, 85248, 900000, (null)
r6i6n17, 36, 85248, 900000, (null)
r6i6n18, 36, 85248, 900000, (null)
r6i6n19, 36, 85248, 900000, (null)
r6i6n20, 36, 85248, 900000, (null)
r6i6n21, 36, 85248, 900000, (null)
r6i6n22, 36, 85248, 900000, (null)
r6i6n23, 36, 85248, 900000, (null)
r6i6n24, 36, 85248, 900000, (null)
r6i6n25, 36, 85248, 900000, (null)
r6i6n26, 36, 85248, 900000, (null)
r6i6n27, 36, 85248, 900000, (null)
r6i6n28, 36, 85248, 900000, (null)
r6i6n29, 36, 85248, 900000, (null)
r6i6n30, 36, 85248, 900000, (null)
r6i6n31, 36, 85248, 900000, (null)
r6i6n32, 36, 85248, 900000, (null)
r6i6n33, 36, 85248, 900000, (null)
r6i6n34, 36, 85248, 900000, (null)
r6i6n35, 36, 85248, 900000, (null)
r6i7n0, 36, 85248, 900000, (null)
r6i7n1, 36, 85248, 900000, (null)
r6i7n2, 36, 85248, 900000, (null)
r6i7n3, 36, 85248, 900000, (null)
r6i7n4, 36, 85248, 900000, (null)
r6i7n5, 36, 85248, 900000, (null)
r6i7n6, 36, 85248, 900000, (null)
r6i7n8, 36, 85248, 900000, (null)
r6i7n9, 36, 85248, 900000, (null)
r6i7n10, 36, 85248, 900000, (null)
r6i7n11, 36, 85248, 900000, (null)
r6i7n12, 36, 85248, 900000, (null)
r6i7n13, 36, 85248, 900000, (null)
r6i7n14, 36, 85248, 900000, (null)
r6i7n15, 36, 85248, 900000, (null)
r6i7n16, 36, 85248, 900000, (null)
r6i7n17, 36, 85248, 900000, (null)
r6i7n18, 36, 85248, 900000, (null)
r6i7n19, 36, 85248, 900000, (null)
r6i7n20, 36, 85248, 900000, (null)
r6i7n21, 36, 85248, 900000, (null)
r6i7n22, 36, 85248, 900000, (null)
r6i7n23, 36, 85248, 900000, (null)
r6i7n25, 36, 85248, 900000, (null)
r6i7n26, 36, 85248, 900000, (null)
r6i7n28, 36, 85248, 900000, (null)
r6i7n29, 36, 85248, 900000, (null)
r6i7n30, 36, 85248, 900000, (null)
r6i7n32, 36, 85248, 900000, (null)
r6i7n33, 36, 85248, 900000, (null)
r6i7n34, 36, 85248, 900000, (null)
r7i0n0, 36, 180224, 900000, (null)
r7i0n1, 36, 180224, 900000, (null)
r7i0n2, 36, 180224, 900000, (null)
r7i0n3, 36, 180224, 900000, (null)
r7i0n4, 36, 180224, 900000, (null)
r7i0n5, 36, 180224, 900000, (null)
r7i0n6, 36, 180224, 900000, (null)
r7i0n7, 36, 180224, 900000, (null)
r7i0n8, 36, 180224, 900000, (null)
r7i0n9, 36, 180224, 900000, (null)
r7i0n10, 36, 180224, 900000, (null)
r7i0n12, 36, 180224, 900000, (null)
r7i0n13, 36, 180224, 900000, (null)
r7i0n14, 36, 180224, 900000, (null)
r7i0n15, 36, 180224, 900000, (null)
r7i0n16, 36, 180224, 900000, (null)
r7i0n17, 36, 180224, 900000, (null)
r7i0n18, 36, 180224, 900000, (null)
r7i0n19, 36, 180224, 900000, (null)
r7i0n20, 36, 180224, 900000, (null)
r7i0n21, 36, 180224, 900000, (null)
r7i0n23, 36, 180224, 900000, (null)
r7i0n26, 36, 180224, 900000, (null)
r7i0n27, 36, 180224, 900000, (null)
r7i0n28, 36, 180224, 900000, (null)
r7i0n29, 36, 180224, 900000, (null)
r7i0n30, 36, 180224, 900000, (null)
r7i0n31, 36, 180224, 900000, (null)
r7i0n34, 36, 180224, 900000, (null)
r7i0n35, 36, 180224, 900000, (null)
r7i1n0, 36, 180224, 900000, (null)
r7i1n1, 36, 180224, 900000, (null)
r7i1n2, 36, 180224, 900000, (null)
r7i1n3, 36, 180224, 900000, (null)
r7i1n4, 36, 180224, 900000, (null)
r7i1n5, 36, 180224, 900000, (null)
r7i1n6, 36, 180224, 900000, (null)
r7i1n7, 36, 180224, 900000, (null)
r7i1n10, 36, 180224, 900000, (null)
r7i1n11, 36, 180224, 900000, (null)
r7i1n12, 36, 180224, 900000, (null)
r7i1n13, 36, 180224, 900000, (null)
r7i1n14, 36, 180224, 900000, (null)
r7i1n15, 36, 180224, 900000, (null)
r7i1n16, 36, 180224, 900000, (null)
r7i1n17, 36, 180224, 900000, (null)
r7i1n19, 36, 180224, 900000, (null)
r7i1n20, 36, 180224, 900000, (null)
r7i1n21, 36, 180224, 900000, (null)
r7i1n22, 36, 180224, 900000, (null)
r7i1n23, 36, 180224, 900000, (null)
r7i1n24, 36, 180224, 900000, (null)
r7i1n25, 36, 180224, 900000, (null)
r7i1n26, 36, 180224, 900000, (null)
r7i1n28, 36, 180224, 900000, (null)
r7i1n29, 36, 180224, 900000, (null)
r7i1n30, 36, 180224, 900000, (null)
r7i1n31, 36, 180224, 900000, (null)
r7i1n32, 36, 180224, 900000, (null)
r7i1n33, 36, 180224, 900000, (null)
r7i1n35, 36, 180224, 900000, (null)
r7i2n0, 36, 180224, 900000, (null)
r7i2n1, 36, 180224, 900000, (null)
r7i2n2, 36, 180224, 900000, (null)
r7i2n3, 36, 180224, 900000, (null)
r7i2n4, 36, 180224, 900000, (null)
r7i2n5, 36, 180224, 900000, (null)
r7i2n6, 36, 180224, 900000, (null)
r7i2n7, 36, 180224, 900000, (null)
r7i2n8, 36, 180224, 900000, (null)
r7i2n9, 36, 180224, 900000, (null)
r7i2n10, 36, 180224, 900000, (null)
r7i2n11, 36, 180224, 900000, (null)
r7i2n12, 36, 180224, 900000, (null)
r7i2n13, 36, 180224, 900000, (null)
r7i2n14, 36, 180224, 900000, (null)
r7i2n15, 36, 180224, 900000, (null)
r7i2n16, 36, 180224, 900000, (null)
r7i2n17, 36, 180224, 900000, (null)
r7i2n18, 36, 180224, 900000, (null)
r7i2n19, 36, 180224, 900000, (null)
r7i2n20, 36, 180224, 900000, (null)
r7i2n21, 36, 180224, 900000, (null)
r7i2n22, 36, 180224, 900000, (null)
r7i2n23, 36, 180224, 900000, (null)
r7i2n24, 36, 180224, 900000, (null)
r7i2n25, 36, 180224, 900000, (null)
r7i2n26, 36, 180224, 900000, (null)
r7i2n27, 36, 180224, 900000, (null)
r7i2n28, 36, 180224, 900000, (null)
r7i2n29, 36, 180224, 900000, (null)
r7i2n30, 36, 180224, 900000, (null)
r7i2n31, 36, 180224, 900000, (null)
r7i2n32, 36, 180224, 900000, (null)
r7i2n33, 36, 180224, 900000, (null)
r7i2n34, 36, 180224, 900000, (null)
r7i2n35, 36, 180224, 900000, (null)
r7i3n0, 36, 180224, 900000, (null)
r7i3n1, 36, 180224, 900000, (null)
r7i3n2, 36, 180224, 900000, (null)
r7i3n3, 36, 180224, 900000, (null)
r7i3n4, 36, 180224, 900000, (null)
r7i3n5, 36, 180224, 900000, (null)
r7i3n6, 36, 180224, 900000, (null)
r7i3n7, 36, 180224, 900000, (null)
r7i3n8, 36, 180224, 900000, (null)
r7i3n9, 36, 180224, 900000, (null)
r7i3n10, 36, 180224, 900000, (null)
r7i3n11, 36, 180224, 900000, (null)
r7i3n12, 36, 180224, 900000, (null)
r7i3n13, 36, 180224, 900000, (null)
r7i3n15, 36, 180224, 900000, (null)
r7i3n16, 36, 180224, 900000, (null)
r7i3n18, 36, 180224, 900000, (null)
r7i3n21, 36, 180224, 900000, (null)
r7i3n22, 36, 180224, 900000, (null)
r7i3n24, 36, 180224, 900000, (null)
r7i3n25, 36, 180224, 900000, (null)
r7i3n26, 36, 180224, 900000, (null)
r7i3n27, 36, 180224, 900000, (null)
r7i3n28, 36, 180224, 900000, (null)
r7i3n29, 36, 180224, 900000, (null)
r7i3n30, 36, 180224, 900000, (null)
r7i3n31, 36, 180224, 900000, (null)
r7i3n32, 36, 180224, 900000, (null)
r7i3n33, 36, 180224, 900000, (null)
r7i3n34, 36, 180224, 900000, (null)
r7i3n35, 36, 180224, 900000, (null)
r7i4n0, 36, 180224, 900000, (null)
r7i4n1, 36, 180224, 900000, (null)
r7i4n6, 36, 180224, 900000, (null)
r7i4n7, 36, 180224, 900000, (null)
r7i4n8, 36, 180224, 900000, (null)
r7i4n9, 36, 180224, 900000, (null)
r7i4n10, 36, 180224, 900000, (null)
r7i4n14, 36, 180224, 900000, (null)
r7i4n17, 36, 180224, 900000, (null)
r7i4n18, 36, 180224, 900000, (null)
r7i4n20, 36, 180224, 900000, (null)
r7i4n22, 36, 180224, 900000, (null)
r7i4n23, 36, 180224, 900000, (null)
r7i4n24, 36, 180224, 900000, (null)
r7i4n26, 36, 180224, 900000, (null)
r7i4n27, 36, 180224, 900000, (null)
r7i4n28, 36, 180224, 900000, (null)
r7i4n29, 36, 180224, 900000, (null)
r7i4n32, 36, 180224, 900000, (null)
r7i4n33, 36, 180224, 900000, (null)
r7i4n34, 36, 180224, 900000, (null)
r7i5n0, 36, 180224, 900000, (null)
r7i5n1, 36, 180224, 900000, (null)
r7i5n2, 36, 180224, 900000, (null)
r7i5n3, 36, 180224, 900000, (null)
r7i5n4, 36, 180224, 900000, (null)
r7i5n5, 36, 180224, 900000, (null)
r7i5n6, 36, 180224, 900000, (null)
r7i5n7, 36, 180224, 900000, (null)
r7i5n8, 36, 180224, 900000, (null)
r7i5n9, 36, 180224, 900000, (null)
r7i5n10, 36, 180224, 900000, (null)
r7i5n11, 36, 180224, 900000, (null)
r7i5n12, 36, 180224, 900000, (null)
r7i5n13, 36, 180224, 900000, (null)
r7i5n14, 36, 180224, 900000, (null)
r7i5n15, 36, 180224, 900000, (null)
r7i5n16, 36, 180224, 900000, (null)
r7i5n17, 36, 180224, 900000, (null)
r7i5n18, 36, 180224, 900000, (null)
r7i5n19, 36, 180224, 900000, (null)
r7i5n20, 36, 180224, 900000, (null)
r7i5n21, 36, 180224, 900000, (null)
r7i5n22, 36, 180224, 900000, (null)
r7i5n23, 36, 180224, 900000, (null)
r7i5n26, 36, 180224, 900000, (null)
r7i5n27, 36, 180224, 900000, (null)
r7i5n28, 36, 180224, 900000, (null)
r7i5n30, 36, 180224, 900000, (null)
r7i5n31, 36, 180224, 900000, (null)
r7i5n32, 36, 180224, 900000, (null)
r7i5n34, 36, 180224, 900000, (null)
r7i5n35, 36, 180224, 900000, (null)
r7i6n0, 36, 180224, 900000, (null)
r7i6n2, 36, 180224, 900000, (null)
r7i6n3, 36, 180224, 900000, (null)
r7i6n4, 36, 180224, 900000, (null)
r7i6n5, 36, 180224, 900000, (null)
r7i6n6, 36, 180224, 900000, (null)
r7i6n8, 36, 180224, 900000, (null)
r7i6n9, 36, 180224, 900000, (null)
r7i6n10, 36, 180224, 900000, (null)
r7i6n11, 36, 180224, 900000, (null)
r7i6n12, 36, 180224, 900000, (null)
r7i6n13, 36, 180224, 900000, (null)
r7i6n14, 36, 180224, 900000, (null)
r7i6n16, 36, 180224, 900000, (null)
r7i6n18, 36, 180224, 900000, (null)
r7i6n21, 36, 180224, 900000, (null)
r7i6n22, 36, 180224, 900000, (null)
r7i6n24, 36, 180224, 900000, (null)
r7i6n25, 36, 180224, 900000, (null)
r7i6n26, 36, 180224, 900000, (null)
r7i6n27, 36, 180224, 900000, (null)
r7i6n28, 36, 180224, 900000, (null)
r7i6n29, 36, 180224, 900000, (null)
r7i6n30, 36, 180224, 900000, (null)
r7i6n31, 36, 180224, 900000, (null)
r7i6n32, 36, 180224, 900000, (null)
r7i6n33, 36, 180224, 900000, (null)
r7i6n34, 36, 180224, 900000, (null)
r7i6n35, 36, 180224, 900000, (null)
r7i7n0, 36, 180224, 900000, (null)
r7i7n2, 36, 180224, 900000, (null)
r7i7n3, 36, 180224, 900000, (null)
r7i7n4, 36, 180224, 900000, (null)
r7i7n5, 36, 180224, 900000, (null)
r7i7n6, 36, 180224, 900000, (null)
r7i7n7, 36, 180224, 900000, (null)
r7i7n8, 36, 180224, 900000, (null)
r7i7n9, 36, 180224, 900000, (null)
r7i7n10, 36, 180224, 900000, (null)
r7i7n11, 36, 180224, 900000, (null)
r7i7n12, 36, 180224, 900000, (null)
r7i7n13, 36, 180224, 900000, (null)
r7i7n14, 36, 180224, 900000, (null)
r7i7n18, 36, 180224, 900000, (null)
r7i7n20, 36, 180224, 900000, (null)
r7i7n23, 36, 180224, 900000, (null)
r7i7n24, 36, 180224, 900000, (null)
r7i7n28, 36, 180224, 900000, (null)
r7i7n34, 36, 180224, 900000, (null)
r8i0n0, 36, 85248, 900000, (null)
r8i0n1, 36, 85248, 900000, (null)
r8i0n2, 36, 85248, 900000, (null)
r8i0n3, 36, 85248, 900000, (null)
r8i0n4, 36, 85248, 900000, (null)
r8i0n5, 36, 85248, 900000, (null)
r8i0n6, 36, 85248, 900000, (null)
r8i0n7, 36, 85248, 900000, (null)
r8i0n8, 36, 85248, 900000, (null)
r8i0n9, 36, 85248, 900000, (null)
r8i0n10, 36, 85248, 900000, (null)
r8i0n11, 36, 85248, 900000, (null)
r8i0n12, 36, 85248, 900000, (null)
r8i0n13, 36, 85248, 900000, (null)
r8i0n14, 36, 85248, 900000, (null)
r8i0n15, 36, 85248, 900000, (null)
r8i0n16, 36, 85248, 900000, (null)
r8i0n17, 36, 85248, 900000, (null)
r8i0n18, 36, 85248, 900000, (null)
r8i0n19, 36, 85248, 900000, (null)
r8i0n20, 36, 85248, 900000, (null)
r8i0n21, 36, 85248, 900000, (null)
r8i0n22, 36, 85248, 900000, (null)
r8i0n23, 36, 85248, 900000, (null)
r8i0n24, 36, 85248, 900000, (null)
r8i0n25, 36, 85248, 900000, (null)
r8i0n26, 36, 85248, 900000, (null)
r8i0n27, 36, 85248, 900000, (null)
r8i0n28, 36, 85248, 900000, (null)
r8i0n29, 36, 85248, 900000, (null)
r8i0n30, 36, 85248, 900000, (null)
r8i0n31, 36, 85248, 900000, (null)
r8i0n32, 36, 85248, 900000, (null)
r8i0n33, 36, 85248, 900000, (null)
r8i0n34, 36, 85248, 900000, (null)
r8i0n35, 36, 85248, 900000, (null)
r8i1n0, 36, 85248, 900000, (null)
r8i1n1, 36, 85248, 900000, (null)
r8i1n2, 36, 85248, 900000, (null)
r8i1n3, 36, 85248, 900000, (null)
r8i1n4, 36, 85248, 900000, (null)
r8i1n5, 36, 85248, 900000, (null)
r8i1n6, 36, 85248, 900000, (null)
r8i1n7, 36, 85248, 900000, (null)
r8i1n8, 36, 85248, 900000, (null)
r8i1n9, 36, 85248, 900000, (null)
r8i1n10, 36, 85248, 900000, (null)
r8i1n11, 36, 85248, 900000, (null)
r8i1n12, 36, 85248, 900000, (null)
r8i1n13, 36, 85248, 900000, (null)
r8i1n14, 36, 85248, 900000, (null)
r8i1n15, 36, 85248, 900000, (null)
r8i1n16, 36, 85248, 900000, (null)
r8i1n17, 36, 85248, 900000, (null)
r8i1n18, 36, 85248, 900000, (null)
r8i1n19, 36, 85248, 900000, (null)
r8i1n20, 36, 85248, 900000, (null)
r8i1n21, 36, 85248, 900000, (null)
r8i1n22, 36, 85248, 900000, (null)
r8i1n23, 36, 85248, 900000, (null)
r8i1n24, 36, 85248, 900000, (null)
r8i1n25, 36, 85248, 900000, (null)
r8i1n26, 36, 85248, 900000, (null)
r8i1n27, 36, 85248, 900000, (null)
r8i1n28, 36, 85248, 900000, (null)
r8i1n29, 36, 85248, 900000, (null)
r8i1n30, 36, 85248, 900000, (null)
r8i1n31, 36, 85248, 900000, (null)
r8i1n32, 36, 85248, 900000, (null)
r8i1n33, 36, 85248, 900000, (null)
r8i1n34, 36, 85248, 900000, (null)
r8i1n35, 36, 85248, 900000, (null)
r9i0n0, 36, 180224, 900000, (null)
r9i0n1, 36, 180224, 900000, (null)
r9i0n2, 36, 180224, 900000, (null)
r9i0n3, 36, 180224, 900000, (null)
r9i0n4, 36, 180224, 900000, (null)
r9i0n5, 36, 180224, 900000, (null)
r9i0n6, 36, 180224, 900000, (null)
r9i0n7, 36, 180224, 900000, (null)
r9i0n8, 36, 180224, 900000, (null)
r9i0n9, 36, 180224, 900000, (null)
r9i0n10, 36, 180224, 900000, (null)
r9i0n11, 36, 180224, 900000, (null)
r9i0n12, 36, 180224, 900000, (null)
r9i0n14, 36, 180224, 900000, (null)
r9i0n16, 36, 180224, 900000, (null)
r9i0n21, 36, 180224, 900000, (null)
r9i0n22, 36, 180224, 900000, (null)
r9i0n23, 36, 180224, 900000, (null)
r9i0n24, 36, 180224, 900000, (null)
r9i0n26, 36, 180224, 900000, (null)
r9i0n27, 36, 180224, 900000, (null)
r9i0n28, 36, 180224, 900000, (null)
r9i0n29, 36, 180224, 900000, (null)
r9i0n30, 36, 180224, 900000, (null)
r9i0n31, 36, 180224, 900000, (null)
r9i0n34, 36, 180224, 900000, (null)
r9i0n35, 36, 180224, 900000, (null)
r9i1n0, 36, 180224, 900000, (null)
r9i1n1, 36, 180224, 900000, (null)
r9i1n4, 36, 180224, 900000, (null)
r9i1n5, 36, 180224, 900000, (null)
r9i1n7, 36, 180224, 900000, (null)
r9i1n8, 36, 180224, 900000, (null)
r9i1n9, 36, 180224, 900000, (null)
r9i1n10, 36, 180224, 900000, (null)
r9i1n11, 36, 180224, 900000, (null)
r9i1n12, 36, 180224, 900000, (null)
r9i1n13, 36, 180224, 900000, (null)
r9i1n14, 36, 180224, 900000, (null)
r9i1n17, 36, 180224, 900000, (null)
r9i1n18, 36, 180224, 900000, (null)
r9i1n19, 36, 180224, 900000, (null)
r9i1n20, 36, 180224, 900000, (null)
r9i1n21, 36, 180224, 900000, (null)
r9i1n22, 36, 180224, 900000, (null)
r9i1n23, 36, 180224, 900000, (null)
r9i1n24, 36, 180224, 900000, (null)
r9i1n25, 36, 180224, 900000, (null)
r9i1n26, 36, 180224, 900000, (null)
r9i1n27, 36, 180224, 900000, (null)
r9i1n28, 36, 180224, 900000, (null)
r9i1n30, 36, 180224, 900000, (null)
r9i1n31, 36, 180224, 900000, (null)
r9i1n32, 36, 180224, 900000, (null)
r9i1n35, 36, 180224, 900000, (null)
r9i2n0, 36, 180224, 900000, (null)
r9i2n1, 36, 180224, 900000, (null)
r9i2n2, 36, 180224, 900000, (null)
r9i2n3, 36, 180224, 900000, (null)
r9i2n6, 36, 180224, 900000, (null)
r9i2n8, 36, 180224, 900000, (null)
r9i2n10, 36, 180224, 900000, (null)
r9i2n12, 36, 180224, 900000, (null)
r9i2n16, 36, 180224, 900000, (null)
r9i2n17, 36, 180224, 900000, (null)
r9i2n18, 36, 180224, 900000, (null)
r9i2n19, 36, 180224, 900000, (null)
r9i2n20, 36, 180224, 900000, (null)
r9i2n21, 36, 180224, 900000, (null)
r9i2n22, 36, 180224, 900000, (null)
r9i2n24, 36, 180224, 900000, (null)
r9i2n26, 36, 180224, 900000, (null)
r9i2n27, 36, 180224, 900000, (null)
r9i2n28, 36, 180224, 900000, (null)
r9i2n30, 36, 180224, 900000, (null)
r9i2n34, 36, 180224, 900000, (null)
r9i2n35, 36, 180224, 900000, (null)
r9i3n0, 36, 180224, 900000, (null)
r9i3n2, 36, 180224, 900000, (null)
r9i3n3, 36, 180224, 900000, (null)
r9i3n11, 36, 180224, 900000, (null)
r9i3n12, 36, 180224, 900000, (null)
r9i3n14, 36, 180224, 900000, (null)
r9i3n15, 36, 180224, 900000, (null)
r9i3n16, 36, 180224, 900000, (null)
r9i3n17, 36, 180224, 900000, (null)
r9i3n19, 36, 180224, 900000, (null)
r9i3n23, 36, 180224, 900000, (null)
r9i3n24, 36, 180224, 900000, (null)
r9i3n25, 36, 180224, 900000, (null)
r9i3n29, 36, 180224, 900000, (null)
r9i3n32, 36, 180224, 900000, (null)
r9i3n34, 36, 180224, 900000, (null)
r9i4n0, 36, 180224, 900000, (null)
r9i4n2, 36, 180224, 900000, (null)
r9i4n4, 36, 180224, 900000, (null)
r9i4n7, 36, 180224, 900000, (null)
r9i4n8, 36, 180224, 900000, (null)
r9i4n9, 36, 180224, 900000, (null)
r9i4n11, 36, 180224, 900000, (null)
r9i4n12, 36, 180224, 900000, (null)
r9i5n9, 36, 180224, 900000, (null)
r9i5n10, 36, 180224, 900000, (null)
r9i5n11, 36, 180224, 900000, (null)
r9i5n12, 36, 180224, 900000, (null)
r9i5n13, 36, 180224, 900000, (null)
r9i5n14, 36, 180224, 900000, (null)
r9i5n15, 36, 180224, 900000, (null)
r9i5n16, 36, 180224, 900000, (null)
r9i5n17, 36, 180224, 900000, (null)
r9i5n18, 36, 180224, 900000, (null)
r9i5n19, 36, 180224, 900000, (null)
r9i5n20, 36, 180224, 900000, (null)
r9i5n21, 36, 180224, 900000, (null)
r9i5n22, 36, 180224, 900000, (null)
r9i5n23, 36, 180224, 900000, (null)
r9i5n24, 36, 180224, 900000, (null)
r9i5n25, 36, 180224, 900000, (null)
r9i5n26, 36, 180224, 900000, (null)
r9i5n27, 36, 180224, 900000, (null)
r9i5n28, 36, 180224, 900000, (null)
r9i5n29, 36, 180224, 900000, (null)
r9i5n30, 36, 180224, 900000, (null)
r9i5n31, 36, 180224, 900000, (null)
r9i5n32, 36, 180224, 900000, (null)
r9i5n33, 36, 180224, 900000, (null)
r9i5n34, 36, 180224, 900000, (null)
r9i5n35, 36, 180224, 900000, (null)
r9i6n0, 36, 180224, 900000, (null)
r9i6n1, 36, 180224, 900000, (null)
r9i6n2, 36, 180224, 900000, (null)
r9i6n3, 36, 180224, 900000, (null)
r9i6n4, 36, 180224, 900000, (null)
r9i7n4, 36, 180224, 900000, (null)
r9i7n5, 36, 180224, 900000, (null)
r9i7n6, 36, 180224, 900000, (null)
r9i7n7, 36, 180224, 900000, (null)
r9i7n8, 36, 180224, 900000, (null)
r9i7n11, 36, 180224, 900000, (null)
r9i7n14, 36, 180224, 900000, (null)
r9i7n15, 36, 180224, 900000, (null)
r9i7n21, 36, 180224, 900000, (null)
r9i7n31, 36, 180224, 900000, (null)
r9i7n35, 36, 180224, 900000, (null)
r10i0n1, 36, 180224, 900000, (null)
r10i0n2, 36, 180224, 900000, (null)
r10i0n22, 36, 180224, 900000, (null)
r10i0n25, 36, 180224, 900000, (null)
r10i0n27, 36, 180224, 900000, (null)
r10i1n1, 36, 180224, 900000, (null)
r10i1n2, 36, 180224, 900000, (null)
r10i1n5, 36, 180224, 900000, (null)
r10i1n7, 36, 180224, 900000, (null)
r10i1n8, 36, 180224, 900000, (null)
r10i1n9, 36, 180224, 900000, (null)
r10i1n11, 36, 180224, 900000, (null)
r10i1n13, 36, 180224, 900000, (null)
r10i1n14, 36, 180224, 900000, (null)
r10i1n15, 36, 180224, 900000, (null)
r10i1n16, 36, 180224, 900000, (null)
r10i1n20, 36, 180224, 900000, (null)
r10i1n21, 36, 180224, 900000, (null)
r10i1n23, 36, 180224, 900000, (null)
r10i1n24, 36, 180224, 900000, (null)
r10i1n25, 36, 180224, 900000, (null)
r10i1n26, 36, 180224, 900000, (null)
r10i1n28, 36, 180224, 900000, (null)
r10i1n30, 36, 180224, 900000, (null)
r10i1n31, 36, 180224, 900000, (null)
r10i1n33, 36, 180224, 900000, (null)
r10i1n34, 36, 180224, 900000, (null)
r10i1n35, 36, 180224, 900000, (null)
r10i2n0, 36, 180224, 900000, (null)
r10i3n23, 36, 180224, 900000, (null)
r102u01, 36, 751616, 1500000, (null)
r102u02, 36, 751616, 1500000, (null)
r102u03, 36, 751616, 1500000, (null)
r102u04, 36, 751616, 1500000, (null)
r103u01, 36, 751616, 2400000, gpu:v100:2
r103u03, 36, 751616, 2400000, gpu:v100:2
r103u05, 36, 751616, 2400000, gpu:v100:2
r103u07, 36, 751616, 2400000, gpu:v100:2
r103u09, 36, 751616, 2400000, gpu:v100:2
r103u11, 36, 751616, 2400000, gpu:v100:2
r103u13, 36, 751616, 2400000, gpu:v100:2
r103u15, 36, 751616, 2400000, gpu:v100:2
r103u17, 36, 751616, 2400000, gpu:v100:2
r103u19, 36, 751616, 2400000, gpu:v100:2
r104u01, 36, 751616, 1500000, gpu:v100:2
r104u03, 36, 751616, 1500000, gpu:v100:2
r104u05, 36, 751616, 1500000, gpu:v100:2
r104u07, 36, 751616, 1500000, gpu:v100:2
r104u09, 36, 751616, 1500000, gpu:v100:2
r104u11, 36, 751616, 1500000, gpu:v100:2
r104u13, 36, 751616, 1500000, gpu:v100:2
r104u15, 36, 751616, 1500000, gpu:v100:2
r104u19, 36, 751616, 1500000, gpu:v100:2
r104u21, 36, 751616, 1500000, gpu:v100:2
r104u23, 36, 751616, 1500000, gpu:v100:2
r104u27, 36, 751616, 1500000, gpu:v100:2
r104u29, 36, 751616, 1500000, gpu:v100:2
r104u31, 36, 751616, 1500000, gpu:v100:2
r104u35, 36, 751616, 1500000, gpu:v100:2
r104u37, 36, 751616, 1500000, gpu:v100:2
r105u01, 36, 751616, 1500000, gpu:v100:2
r105u03, 36, 751616, 1500000, gpu:v100:2
r105u05, 36, 751616, 1500000, gpu:v100:2
r105u07, 36, 751616, 1500000, gpu:v100:2
r105u09, 36, 751616, 1500000, gpu:v100:2
r105u11, 36, 751616, 1500000, gpu:v100:2
r105u13, 36, 751616, 1500000, gpu:v100:2
r105u15, 36, 751616, 1500000, gpu:v100:2
r105u17, 36, 751616, 1500000, gpu:v100:2
r105u19, 36, 751616, 1500000, gpu:v100:2
r105u21, 36, 751616, 1500000, gpu:v100:2
r105u23, 36, 751616, 1500000, gpu:v100:2
r105u25, 36, 751616, 1500000, gpu:v100:2
r105u27, 36, 751616, 1500000, gpu:v100:2
r105u29, 36, 751616, 1500000, gpu:v100:2
r1i1n16, 36, 85248, 900000, (null)
r1i1n25, 36, 85248, 900000, (null)
r1i1n34, 36, 85248, 900000, (null)
r1i5n0, 36, 85248, 900000, (null)
r1i5n1, 36, 85248, 900000, (null)
r1i5n2, 36, 85248, 900000, (null)
r1i5n4, 36, 85248, 900000, (null)
r1i5n9, 36, 85248, 900000, (null)
r1i5n11, 36, 85248, 900000, (null)
r1i5n12, 36, 85248, 900000, (null)
r1i5n13, 36, 85248, 900000, (null)
r1i5n16, 36, 85248, 900000, (null)
r1i5n18, 36, 85248, 900000, (null)
r1i7n8, 36, 85248, 900000, (null)
r1i7n9, 36, 85248, 900000, (null)
r2i0n8, 36, 85248, 900000, (null)
r2i0n14, 36, 85248, 900000, (null)
r2i2n21, 36, 85248, 900000, (null)
r2i3n4, 36, 85248, 900000, (null)
r2i3n5, 36, 85248, 900000, (null)
r2i3n18, 36, 85248, 900000, (null)
r2i3n27, 36, 85248, 900000, (null)
r2i3n29, 36, 85248, 900000, (null)
r2i4n14, 36, 85248, 900000, (null)
r2i6n7, 36, 85248, 900000, (null)
r2i6n10, 36, 85248, 900000, (null)
r2i6n11, 36, 85248, 900000, (null)
r2i6n15, 36, 85248, 900000, (null)
r2i6n25, 36, 85248, 900000, (null)
r2i6n31, 36, 85248, 900000, (null)
r2i7n4, 36, 85248, 900000, (null)
r3i7n8, 36, 85248, 900000, (null)
r3i7n9, 36, 85248, 900000, (null)
r3i7n12, 36, 85248, 900000, (null)
r4i1n0, 36, 85248, 900000, (null)
r4i1n2, 36, 85248, 900000, (null)
r4i1n3, 36, 85248, 900000, (null)
r4i1n6, 36, 85248, 900000, (null)
r4i1n7, 36, 85248, 900000, (null)
r4i5n1, 36, 85248, 900000, (null)
r4i5n9, 36, 85248, 900000, (null)
r4i5n11, 36, 85248, 900000, (null)
r4i5n16, 36, 85248, 900000, (null)
r4i5n17, 36, 85248, 900000, (null)
r4i5n35, 36, 85248, 900000, (null)
r4i6n4, 36, 85248, 900000, (null)
r4i6n6, 36, 85248, 900000, (null)
r4i6n33, 36, 85248, 900000, (null)
r4i7n0, 36, 85248, 900000, (null)
r4i7n1, 36, 85248, 900000, (null)
r4i7n7, 36, 85248, 900000, (null)
r5i3n25, 36, 85248, 900000, (null)
r5i3n29, 36, 85248, 900000, (null)
r5i4n2, 36, 85248, 900000, (null)
r5i4n3, 36, 85248, 900000, (null)
r5i4n4, 36, 85248, 900000, (null)
r5i4n6, 36, 85248, 900000, (null)
r5i4n21, 36, 85248, 900000, (null)
r5i5n4, 36, 85248, 900000, (null)
r5i5n9, 36, 85248, 900000, (null)
r5i5n10, 36, 85248, 900000, (null)
r5i5n13, 36, 85248, 900000, (null)
r5i5n16, 36, 85248, 900000, (null)
r5i5n22, 36, 85248, 900000, (null)
r5i5n25, 36, 85248, 900000, (null)
r5i5n34, 36, 85248, 900000, (null)
r5i5n35, 36, 85248, 900000, (null)
r5i6n7, 36, 85248, 900000, (null)
r5i6n10, 36, 85248, 900000, (null)
r5i6n11, 36, 85248, 900000, (null)
r5i6n12, 36, 85248, 900000, (null)
r5i6n13, 36, 85248, 900000, (null)
r5i6n14, 36, 85248, 900000, (null)
r5i6n15, 36, 85248, 900000, (null)
r5i6n16, 36, 85248, 900000, (null)
r5i6n17, 36, 85248, 900000, (null)
r5i6n18, 36, 85248, 900000, (null)
r5i6n20, 36, 85248, 900000, (null)
r5i6n21, 36, 85248, 900000, (null)
r5i6n22, 36, 85248, 900000, (null)
r5i6n27, 36, 85248, 900000, (null)
r5i6n28, 36, 85248, 900000, (null)
r5i7n11, 36, 85248, 900000, (null)
r5i7n14, 36, 85248, 900000, (null)
r5i7n15, 36, 85248, 900000, (null)
r5i7n19, 36, 85248, 900000, (null)
r5i7n31, 36, 85248, 900000, (null)
r6i1n1, 36, 85248, 900000, (null)
r6i1n15, 36, 85248, 900000, (null)
r6i1n16, 36, 85248, 900000, (null)
r6i1n17, 36, 85248, 900000, (null)
r6i1n23, 36, 85248, 900000, (null)
r6i2n30, 36, 85248, 900000, (null)
r6i3n2, 36, 85248, 900000, (null)
r6i3n3, 36, 85248, 900000, (null)
r6i3n16, 36, 85248, 900000, (null)
r6i3n22, 36, 85248, 900000, (null)
r6i3n32, 36, 85248, 900000, (null)
r6i4n20, 36, 85248, 900000, (null)
r6i4n31, 36, 85248, 900000, (null)
r6i5n3, 36, 85248, 900000, (null)
r6i5n5, 36, 85248, 900000, (null)
r6i5n7, 36, 85248, 900000, (null)
r6i5n28, 36, 85248, 900000, (null)
r6i6n3, 36, 85248, 900000, (null)
r6i6n4, 36, 85248, 900000, (null)
r6i7n7, 36, 85248, 900000, (null)
r6i7n24, 36, 85248, 900000, (null)
r6i7n27, 36, 85248, 900000, (null)
r6i7n31, 36, 85248, 900000, (null)
r7i0n11, 36, 180224, 900000, (null)
r7i0n22, 36, 180224, 900000, (null)
r7i0n24, 36, 180224, 900000, (null)
r7i0n25, 36, 180224, 900000, (null)
r7i0n32, 36, 180224, 900000, (null)
r7i0n33, 36, 180224, 900000, (null)
r7i1n8, 36, 180224, 900000, (null)
r7i1n9, 36, 180224, 900000, (null)
r7i1n18, 36, 180224, 900000, (null)
r7i1n27, 36, 180224, 900000, (null)
r7i1n34, 36, 180224, 900000, (null)
r7i3n14, 36, 180224, 900000, (null)
r7i3n17, 36, 180224, 900000, (null)
r7i3n19, 36, 180224, 900000, (null)
r7i3n20, 36, 180224, 900000, (null)
r7i3n23, 36, 180224, 900000, (null)
r7i4n4, 36, 180224, 900000, (null)
r7i4n5, 36, 180224, 900000, (null)
r7i4n11, 36, 180224, 900000, (null)
r7i4n12, 36, 180224, 900000, (null)
r7i4n13, 36, 180224, 900000, (null)
r7i4n15, 36, 180224, 900000, (null)
r7i4n16, 36, 180224, 900000, (null)
r7i4n19, 36, 180224, 900000, (null)
r7i4n21, 36, 180224, 900000, (null)
r7i4n25, 36, 180224, 900000, (null)
r7i4n30, 36, 180224, 900000, (null)
r7i4n31, 36, 180224, 900000, (null)
r7i4n35, 36, 180224, 900000, (null)
r7i5n24, 36, 180224, 900000, (null)
r7i5n25, 36, 180224, 900000, (null)
r7i5n29, 36, 180224, 900000, (null)
r7i5n33, 36, 180224, 900000, (null)
r7i6n1, 36, 180224, 900000, (null)
r7i6n7, 36, 180224, 900000, (null)
r7i6n15, 36, 180224, 900000, (null)
r7i6n17, 36, 180224, 900000, (null)
r7i6n19, 36, 180224, 900000, (null)
r7i6n20, 36, 180224, 900000, (null)
r7i6n23, 36, 180224, 900000, (null)
r7i7n1, 36, 180224, 900000, (null)
r7i7n15, 36, 180224, 900000, (null)
r7i7n16, 36, 180224, 900000, (null)
r7i7n17, 36, 180224, 900000, (null)
r7i7n19, 36, 180224, 900000, (null)
r7i7n21, 36, 180224, 900000, (null)
r7i7n22, 36, 180224, 900000, (null)
r7i7n25, 36, 180224, 900000, (null)
r7i7n26, 36, 180224, 900000, (null)
r7i7n27, 36, 180224, 900000, (null)
r7i7n29, 36, 180224, 900000, (null)
r7i7n30, 36, 180224, 900000, (null)
r7i7n31, 36, 180224, 900000, (null)
r7i7n32, 36, 180224, 900000, (null)
r7i7n33, 36, 180224, 900000, (null)
r9i0n13, 36, 180224, 900000, (null)
r9i0n15, 36, 180224, 900000, (null)
r9i0n17, 36, 180224, 900000, (null)
r9i0n18, 36, 180224, 900000, (null)
r9i0n19, 36, 180224, 900000, (null)
r9i0n20, 36, 180224, 900000, (null)
r9i0n32, 36, 180224, 900000, (null)
r9i0n33, 36, 180224, 900000, (null)
r9i1n2, 36, 180224, 900000, (null)
r9i1n3, 36, 180224, 900000, (null)
r9i1n6, 36, 180224, 900000, (null)
r9i1n15, 36, 180224, 900000, (null)
r9i1n16, 36, 180224, 900000, (null)
r9i1n29, 36, 180224, 900000, (null)
r9i1n33, 36, 180224, 900000, (null)
r9i1n34, 36, 180224, 900000, (null)
r9i2n4, 36, 180224, 900000, (null)
r9i2n5, 36, 180224, 900000, (null)
r9i2n7, 36, 180224, 900000, (null)
r9i2n11, 36, 180224, 900000, (null)
r9i2n13, 36, 180224, 900000, (null)
r9i2n14, 36, 180224, 900000, (null)
r9i2n15, 36, 180224, 900000, (null)
r9i2n23, 36, 180224, 900000, (null)
r9i2n25, 36, 180224, 900000, (null)
r9i2n29, 36, 180224, 900000, (null)
r9i2n31, 36, 180224, 900000, (null)
r9i2n32, 36, 180224, 900000, (null)
r9i2n33, 36, 180224, 900000, (null)
r9i3n1, 36, 180224, 900000, (null)
r9i3n4, 36, 180224, 900000, (null)
r9i3n5, 36, 180224, 900000, (null)
r9i3n6, 36, 180224, 900000, (null)
r9i3n7, 36, 180224, 900000, (null)
r9i3n8, 36, 180224, 900000, (null)
r9i3n9, 36, 180224, 900000, (null)
r9i3n10, 36, 180224, 900000, (null)
r9i3n13, 36, 180224, 900000, (null)
r9i3n18, 36, 180224, 900000, (null)
r9i3n20, 36, 180224, 900000, (null)
r9i3n21, 36, 180224, 900000, (null)
r9i3n22, 36, 180224, 900000, (null)
r9i3n26, 36, 180224, 900000, (null)
r9i3n27, 36, 180224, 900000, (null)
r9i3n28, 36, 180224, 900000, (null)
r9i3n30, 36, 180224, 900000, (null)
r9i3n31, 36, 180224, 900000, (null)
r9i3n33, 36, 180224, 900000, (null)
r9i3n35, 36, 180224, 900000, (null)
r9i4n1, 36, 180224, 900000, (null)
r9i4n3, 36, 180224, 900000, (null)
r9i4n5, 36, 180224, 900000, (null)
r9i4n6, 36, 180224, 900000, (null)
r9i4n10, 36, 180224, 900000, (null)
r9i4n13, 36, 180224, 900000, (null)
r9i4n14, 36, 180224, 900000, (null)
r9i4n15, 36, 180224, 900000, (null)
r9i4n16, 36, 180224, 900000, (null)
r9i4n17, 36, 180224, 900000, (null)
r9i4n18, 36, 180224, 900000, (null)
r9i4n19, 36, 180224, 900000, (null)
r9i4n20, 36, 180224, 900000, (null)
r9i4n21, 36, 180224, 900000, (null)
r9i4n22, 36, 180224, 900000, (null)
r9i4n23, 36, 180224, 900000, (null)
r9i4n24, 36, 180224, 900000, (null)
r9i4n25, 36, 180224, 900000, (null)
r9i4n26, 36, 180224, 900000, (null)
r9i4n27, 36, 180224, 900000, (null)
r9i4n28, 36, 180224, 900000, (null)
r9i4n29, 36, 180224, 900000, (null)
r9i4n30, 36, 180224, 900000, (null)
r9i4n31, 36, 180224, 900000, (null)
r9i4n32, 36, 180224, 900000, (null)
r9i4n33, 36, 180224, 900000, (null)
r9i4n34, 36, 180224, 900000, (null)
r9i4n35, 36, 180224, 900000, (null)
r9i5n0, 36, 180224, 900000, (null)
r9i5n1, 36, 180224, 900000, (null)
r9i5n2, 36, 180224, 900000, (null)
r9i5n3, 36, 180224, 900000, (null)
r9i5n4, 36, 180224, 900000, (null)
r9i5n5, 36, 180224, 900000, (null)
r9i5n6, 36, 180224, 900000, (null)
r9i5n7, 36, 180224, 900000, (null)
r9i5n8, 36, 180224, 900000, (null)
r9i6n5, 36, 180224, 900000, (null)
r9i6n6, 36, 180224, 900000, (null)
r9i6n7, 36, 180224, 900000, (null)
r9i6n8, 36, 180224, 900000, (null)
r9i6n9, 36, 180224, 900000, (null)
r9i6n10, 36, 180224, 900000, (null)
r9i6n11, 36, 180224, 900000, (null)
r9i6n12, 36, 180224, 900000, (null)
r9i6n13, 36, 180224, 900000, (null)
r9i6n14, 36, 180224, 900000, (null)
r9i6n15, 36, 180224, 900000, (null)
r9i6n16, 36, 180224, 900000, (null)
r9i6n17, 36, 180224, 900000, (null)
r9i6n18, 36, 180224, 900000, (null)
r9i6n19, 36, 180224, 900000, (null)
r9i6n20, 36, 180224, 900000, (null)
r9i6n21, 36, 180224, 900000, (null)
r9i6n22, 36, 180224, 900000, (null)
r9i6n23, 36, 180224, 900000, (null)
r9i6n24, 36, 180224, 900000, (null)
r9i6n25, 36, 180224, 900000, (null)
r9i6n26, 36, 180224, 900000, (null)
r9i6n27, 36, 180224, 900000, (null)
r9i6n28, 36, 180224, 900000, (null)
r9i6n29, 36, 180224, 900000, (null)
r9i6n30, 36, 180224, 900000, (null)
r9i6n31, 36, 180224, 900000, (null)
r9i6n32, 36, 180224, 900000, (null)
r9i6n33, 36, 180224, 900000, (null)
r9i6n34, 36, 180224, 900000, (null)
r9i6n35, 36, 180224, 900000, (null)
r9i7n0, 36, 180224, 900000, (null)
r9i7n1, 36, 180224, 900000, (null)
r9i7n2, 36, 180224, 900000, (null)
r9i7n3, 36, 180224, 900000, (null)
r9i7n9, 36, 180224, 900000, (null)
r9i7n10, 36, 180224, 900000, (null)
r9i7n12, 36, 180224, 900000, (null)
r9i7n13, 36, 180224, 900000, (null)
r9i7n16, 36, 180224, 900000, (null)
r9i7n17, 36, 180224, 900000, (null)
r9i7n18, 36, 180224, 900000, (null)
r9i7n19, 36, 180224, 900000, (null)
r9i7n20, 36, 180224, 900000, (null)
r9i7n22, 36, 180224, 900000, (null)
r9i7n23, 36, 180224, 900000, (null)
r9i7n24, 36, 180224, 900000, (null)
r9i7n25, 36, 180224, 900000, (null)
r9i7n26, 36, 180224, 900000, (null)
r9i7n27, 36, 180224, 900000, (null)
r9i7n28, 36, 180224, 900000, (null)
r9i7n29, 36, 180224, 900000, (null)
r9i7n30, 36, 180224, 900000, (null)
r9i7n32, 36, 180224, 900000, (null)
r9i7n33, 36, 180224, 900000, (null)
r9i7n34, 36, 180224, 900000, (null)
r10i0n0, 36, 180224, 900000, (null)
r10i0n3, 36, 180224, 900000, (null)
r10i0n4, 36, 180224, 900000, (null)
r10i0n5, 36, 180224, 900000, (null)
r10i0n6, 36, 180224, 900000, (null)
r10i0n7, 36, 180224, 900000, (null)
r10i0n8, 36, 180224, 900000, (null)
r10i0n9, 36, 180224, 900000, (null)
r10i0n10, 36, 180224, 900000, (null)
r10i0n11, 36, 180224, 900000, (null)
r10i0n12, 36, 180224, 900000, (null)
r10i0n13, 36, 180224, 900000, (null)
r10i0n14, 36, 180224, 900000, (null)
r10i0n15, 36, 180224, 900000, (null)
r10i0n16, 36, 180224, 900000, (null)
r10i0n17, 36, 180224, 900000, (null)
r10i0n18, 36, 180224, 900000, (null)
r10i0n19, 36, 180224, 900000, (null)
r10i0n20, 36, 180224, 900000, (null)
r10i0n21, 36, 180224, 900000, (null)
r10i0n23, 36, 180224, 900000, (null)
r10i0n24, 36, 180224, 900000, (null)
r10i0n26, 36, 180224, 900000, (null)
r10i0n28, 36, 180224, 900000, (null)
r10i0n29, 36, 180224, 900000, (null)
r10i0n30, 36, 180224, 900000, (null)
r10i0n31, 36, 180224, 900000, (null)
r10i0n32, 36, 180224, 900000, (null)
r10i0n33, 36, 180224, 900000, (null)
r10i0n34, 36, 180224, 900000, (null)
r10i0n35, 36, 180224, 900000, (null)
r10i1n0, 36, 180224, 900000, (null)
r10i1n3, 36, 180224, 900000, (null)
r10i1n4, 36, 180224, 900000, (null)
r10i1n6, 36, 180224, 900000, (null)
r10i1n10, 36, 180224, 900000, (null)
r10i1n12, 36, 180224, 900000, (null)
r10i1n17, 36, 180224, 900000, (null)
r10i1n18, 36, 180224, 900000, (null)
r10i1n19, 36, 180224, 900000, (null)
r10i1n22, 36, 180224, 900000, (null)
r10i1n27, 36, 180224, 900000, (null)
r10i1n29, 36, 180224, 900000, (null)
r10i1n32, 36, 180224, 900000, (null)
r10i2n1, 36, 180224, 900000, (null)
r10i2n2, 36, 180224, 900000, (null)
r10i2n3, 36, 180224, 900000, (null)
r10i2n4, 36, 180224, 900000, (null)
r10i2n5, 36, 180224, 900000, (null)
r10i2n6, 36, 180224, 900000, (null)
r10i2n7, 36, 180224, 900000, (null)
r10i2n8, 36, 180224, 900000, (null)
r10i2n9, 36, 180224, 900000, (null)
r10i2n10, 36, 180224, 900000, (null)
r10i2n11, 36, 180224, 900000, (null)
r10i2n12, 36, 180224, 900000, (null)
r10i2n13, 36, 180224, 900000, (null)
r10i2n14, 36, 180224, 900000, (null)
r10i2n15, 36, 180224, 900000, (null)
r10i2n16, 36, 180224, 900000, (null)
r10i2n17, 36, 180224, 900000, (null)
r10i2n18, 36, 180224, 900000, (null)
r10i2n19, 36, 180224, 900000, (null)
r10i2n20, 36, 180224, 900000, (null)
r10i2n21, 36, 180224, 900000, (null)
r10i2n22, 36, 180224, 900000, (null)
r10i2n23, 36, 180224, 900000, (null)
r10i2n24, 36, 180224, 900000, (null)
r10i2n25, 36, 180224, 900000, (null)
r10i2n26, 36, 180224, 900000, (null)
r10i2n27, 36, 180224, 900000, (null)
r10i2n28, 36, 180224, 900000, (null)
r10i2n29, 36, 180224, 900000, (null)
r10i2n30, 36, 180224, 900000, (null)
r10i2n31, 36, 180224, 900000, (null)
r10i2n32, 36, 180224, 900000, (null)
r10i2n33, 36, 180224, 900000, (null)
r10i2n34, 36, 180224, 900000, (null)
r10i2n35, 36, 180224, 900000, (null)
r10i3n0, 36, 180224, 900000, (null)
r10i3n1, 36, 180224, 900000, (null)
r10i3n2, 36, 180224, 900000, (null)
r10i3n3, 36, 180224, 900000, (null)
r10i3n4, 36, 180224, 900000, (null)
r10i3n5, 36, 180224, 900000, (null)
r10i3n6, 36, 180224, 900000, (null)
r10i3n7, 36, 180224, 900000, (null)
r10i3n8, 36, 180224, 900000, (null)
r10i3n9, 36, 180224, 900000, (null)
r10i3n10, 36, 180224, 900000, (null)
r10i3n11, 36, 180224, 900000, (null)
r10i3n12, 36, 180224, 900000, (null)
r10i3n13, 36, 180224, 900000, (null)
r10i3n14, 36, 180224, 900000, (null)
r10i3n15, 36, 180224, 900000, (null)
r10i3n16, 36, 180224, 900000, (null)
r10i3n17, 36, 180224, 900000, (null)
r10i3n18, 36, 180224, 900000, (null)
r10i3n19, 36, 180224, 900000, (null)
r10i3n20, 36, 180224, 900000, (null)
r10i3n21, 36, 180224, 900000, (null)
r10i3n22, 36, 180224, 900000, (null)
r10i3n24, 36, 180224, 900000, (null)
r10i3n25, 36, 180224, 900000, (null)
r10i3n26, 36, 180224, 900000, (null)
r10i3n27, 36, 180224, 900000, (null)
r10i3n28, 36, 180224, 900000, (null)
r10i3n29, 36, 180224, 900000, (null)
r10i3n30, 36, 180224, 900000, (null)
r10i3n31, 36, 180224, 900000, (null)
r10i3n32, 36, 180224, 900000, (null)
r10i3n33, 36, 180224, 900000, (null)
r10i3n34, 36, 180224, 900000, (null)
r10i3n35, 36, 180224, 900000, (null)
r102u05, 36, 751616, 1500000, (null)
r102u07, 36, 751616, 1500000, (null)
r102u08, 36, 751616, 1500000, (null)
r102u09, 36, 751616, 1500000, (null)
r102u10, 36, 751616, 1500000, (null)
r102u11, 36, 751616, 1500000, (null)
r102u12, 36, 751616, 1500000, (null)
r102u13, 36, 751616, 1500000, (null)
r102u14, 36, 751616, 1500000, (null)
r102u15, 36, 751616, 1500000, (null)
r102u16, 36, 751616, 1500000, (null)
r102u17, 36, 751616, 1500000, (null)
r102u18, 36, 751616, 1500000, (null)
r102u19, 36, 751616, 1500000, (null)
r102u20, 36, 751616, 1500000, (null)
r102u21, 36, 751616, 1500000, (null)
r102u22, 36, 751616, 1500000, (null)
r102u23, 36, 751616, 1500000, (null)
r102u24, 36, 751616, 1500000, (null)
r102u27, 36, 751616, 1500000, (null)
r102u28, 36, 751616, 1500000, (null)
r102u29, 36, 751616, 1500000, (null)
r102u30, 36, 751616, 1500000, (null)
r102u31, 36, 751616, 1500000, (null)
r102u32, 36, 751616, 1500000, (null)
r102u33, 36, 751616, 1500000, (null)
r105u31, 36, 751616, 1500000, gpu:v100:2
r105u35, 36, 751616, 1500000, gpu:v100:2
r103u25, 36, 751616, 2400000, (null)
r103u26, 36, 751616, 2400000, (null)
r103u27, 36, 751616, 2400000, (null)
r103u28, 36, 751616, 2400000, (null)
r103u29, 36, 751616, 2400000, (null)
r103u30, 36, 751616, 2400000, (null)
r103u31, 36, 751616, 2400000, (null)
r103u32, 36, 751616, 2400000, (null)
r103u33, 36, 751616, 2400000, (null)
r103u34, 36, 751616, 2400000, (null)
r103u35, 36, 751616, 1500000, (null)
r103u36, 36, 751616, 1500000, (null)
r1i7n35, 36, 85248, 900000, (null)
r2i7n35, 36, 85248, 900000, (null)
r102u34, 36, 751616, 1500000, (null)
r3i7n35, 36, 85248, 900000, (null)
r4i7n35, 36, 85248, 900000, (null)
r5i7n35, 36, 85248, 900000, (null)
r6i7n35, 36, 85248, 900000, (null)
r7i7n35, 36, 180224, 900000, (null)
r102u35, 36, 751616, 1500000, (null)
r103u21, 36, 751616, 1500000, gpu:v100:2
r103u23, 36, 751616, 1500000, gpu:v100:2
r104u33, 36, 751616, 1500000, gpu:v100:2
r105u33, 36, 751616, 1500000, gpu:v100:2
r105u37, 36, 751616, 1500000, gpu:v100:2
