run_id,group_key,target,pred_xgb,pred_rf,pred_mlp_surrogate
5V9E_01b1828b5dca8f8444035094ec798c70_repeat_1,EC-NAS|01b1828b5dca8f8444035094ec798c70,93495.6,101461.43,101463.02966895826,98714.2
5V9E_0229f3bd3be6217f458573d0b737b761_repeat_1,EC-NAS|0229f3bd3be6217f458573d0b737b761,60965.99999999999,58838.56,58341.02545456416,61139.883
5V9E_03582b6029c3edd221597d3160915180_repeat_1,EC-NAS|03582b6029c3edd221597d3160915180,85507.2,79854.3,79028.27301863533,87073.914
5V9E_035fafd24973204e35ccb92ad464a20c_repeat_1,EC-NAS|035fafd24973204e35ccb92ad464a20c,65278.8,66497.945,66364.97173004817,67422.36
5V9E_03d84046b0ce567b2b59e85903aa2f5f_repeat_1,EC-NAS|03d84046b0ce567b2b59e85903aa2f5f,96012.0,96895.21,95108.7308084753,97284.75
5V9E_03dbd4446e0791a79016b49af39fc9d3_repeat_1,EC-NAS|03dbd4446e0791a79016b49af39fc9d3,95378.4,98541.8,98410.08936305557,103536.73
5V9E_041508be534661271f4a305cba85bd06_repeat_1,EC-NAS|041508be534661271f4a305cba85bd06,109335.6,111026.02,110663.00944577131,118161.86
5V9E_045ee9b9b9d744e93757c6a938bee0c2_repeat_1,EC-NAS|045ee9b9b9d744e93757c6a938bee0c2,30546.0,29586.545,28335.095264442003,37235.383
5V9E_052549400eb914ef3cf243e1b880bec0_repeat_1,EC-NAS|052549400eb914ef3cf243e1b880bec0,115966.8,112827.914,112439.56337018589,111728.98
5V9E_0546604a6607cb42d5324d7d80d00e9f_repeat_1,EC-NAS|0546604a6607cb42d5324d7d80d00e9f,91137.6,89881.42,90001.6760802791,77827.01
5V9E_055393d97d913b1ef1e97eb8dd465d2d_repeat_1,EC-NAS|055393d97d913b1ef1e97eb8dd465d2d,37177.2,40512.605,40743.56276432015,42176.29
5V9E_056fcde08e6bda79b0353420c790965e_repeat_1,EC-NAS|056fcde08e6bda79b0353420c790965e,53852.4,54879.13,55080.6410255339,56893.48
5V9E_05a61e1c5dd646c3f3f932a2beebbe5a_repeat_1,EC-NAS|05a61e1c5dd646c3f3f932a2beebbe5a,85777.2,88356.12,88448.17761704559,91913.984
5V9E_080d44f4cd7b7ef4603f9c90f53a1840_repeat_1,EC-NAS|080d44f4cd7b7ef4603f9c90f53a1840,79689.59999999999,74943.03,75240.16901644687,76018.4
5V9E_083f72b8721f07e761530229ea35aa27_repeat_1,EC-NAS|083f72b8721f07e761530229ea35aa27,73296.0,86575.94,86320.68746802077,87393.96
5V9E_08677281806ea9c8ea2451ce3093e9c3_repeat_1,EC-NAS|08677281806ea9c8ea2451ce3093e9c3,43156.8,41497.53,41937.48106025062,48566.344
5V9E_09f1f295b5df52d6448fad926b0ad7e2_repeat_1,EC-NAS|09f1f295b5df52d6448fad926b0ad7e2,105195.6,104644.47,104442.53136517352,103617.234
5V9E_09fe44f72b3f1237bd72ac74c427aef9_repeat_1,EC-NAS|09fe44f72b3f1237bd72ac74c427aef9,101397.6,94121.69,94673.41581216404,93445.7
5V9E_0b5d139c27f97e5b652009996a3d89b8_repeat_1,EC-NAS|0b5d139c27f97e5b652009996a3d89b8,48805.2,44102.65,43996.006672387164,46052.47
5V9E_0bfb0c4ef6666c06651e779e54f418eb_repeat_1,EC-NAS|0bfb0c4ef6666c06651e779e54f418eb,171622.8,165186.0,165788.28134946089,166517.31
5V9E_0c806195e5e839957d4a5b67facb782f_repeat_1,EC-NAS|0c806195e5e839957d4a5b67facb782f,29894.4,24387.05,27298.53130423587,28698.037
5V9E_0d7c86c40c9f8306c6691b0cf8dee88b_repeat_1,EC-NAS|0d7c86c40c9f8306c6691b0cf8dee88b,60321.6,64066.58,63671.44435581412,55104.7
5V9E_0efca0f1a33d17f74f670fe76eefb35d_repeat_1,EC-NAS|0efca0f1a33d17f74f670fe76eefb35d,73396.8,64702.336,64242.67841042389,72047.71
5V9E_0f8cfb5861db59788ec564246025b630_repeat_1,EC-NAS|0f8cfb5861db59788ec564246025b630,225032.4,216527.12,214973.56390559123,232326.8
5V9E_0fc51e2d72ae9d478b4e4e7e461f6e53_repeat_1,EC-NAS|0fc51e2d72ae9d478b4e4e7e461f6e53,113274.0,108978.5,108878.18673858362,107280.234
5V9E_10298c3fa486ba2721a8f91c2f59649d_repeat_1,EC-NAS|10298c3fa486ba2721a8f91c2f59649d,91476.0,93049.62,92785.17774802142,95843.18
5V9E_1062e5ac82f47e5a60a77eaa10a8a523_repeat_1,EC-NAS|1062e5ac82f47e5a60a77eaa10a8a523,92664.0,86186.36,86618.98585284888,86312.45
5V9E_10a7896342292e4a39eccf9924bcb40e_repeat_1,EC-NAS|10a7896342292e4a39eccf9924bcb40e,107557.2,104712.15,106490.80214128485,93716.03
5V9E_10b1717c7b43e3322996f2c544d231a4_repeat_1,EC-NAS|10b1717c7b43e3322996f2c544d231a4,65167.2,68876.59,69260.46739764273,65328.64
5V9E_1178bf24b50581dd554d7ec81dab8d85_repeat_1,EC-NAS|1178bf24b50581dd554d7ec81dab8d85,106830.0,100584.805,100757.51731754249,103807.53
5V9E_11cf105eabe026946b4fd246cb5dfc53_repeat_1,EC-NAS|11cf105eabe026946b4fd246cb5dfc53,97362.0,97875.41,99462.39697985027,97508.516
5V9E_11fcdbd669d7bdee86dd1921d84b76d3_repeat_1,EC-NAS|11fcdbd669d7bdee86dd1921d84b76d3,91573.2,84270.16,84544.07699468506,85795.016
5V9E_123ded154eabae0f2fdc982272d10170_repeat_1,EC-NAS|123ded154eabae0f2fdc982272d10170,124884.0,117781.695,117712.07028005892,118907.27
5V9E_132029a58b1ae75ff8a694fb9d383e54_repeat_1,EC-NAS|132029a58b1ae75ff8a694fb9d383e54,138362.40000000002,144654.12,144921.71080831406,140423.95
5V9E_138872d96056dda3a442a83213792b5a_repeat_1,EC-NAS|138872d96056dda3a442a83213792b5a,91778.4,86575.94,86320.68746802077,87393.96
5V9E_139138e992fbaddb490fb1f640615b69_repeat_1,EC-NAS|139138e992fbaddb490fb1f640615b69,84830.40000000001,86396.7,86342.07572719558,80959.44
5V9E_13b1dc8a8509801fd3dd4ef250d2d72b_repeat_1,EC-NAS|13b1dc8a8509801fd3dd4ef250d2d72b,83361.59999999999,84270.16,84544.07699468506,85795.016
5V9E_14384aae24e93b75234e3c7279a3cc8f_repeat_1,EC-NAS|14384aae24e93b75234e3c7279a3cc8f,99025.2,95539.016,95338.88727860947,97631.25
5V9E_15bf3b120d2ba071399f15add52121a7_repeat_1,EC-NAS|15bf3b120d2ba071399f15add52121a7,52750.8,59386.523,59653.41446790954,61511.324
5V9E_15f0a0b7f3ec4b76bddd4556828b5720_repeat_1,EC-NAS|15f0a0b7f3ec4b76bddd4556828b5720,99198.0,93642.69,94779.05101841947,98202.65
5V9E_1618f6563013445b1d029a1fc27d4065_repeat_1,EC-NAS|1618f6563013445b1d029a1fc27d4065,81288.0,84241.71,88768.63565500759,82866.08
5V9E_16d895d349bc445be9e7b4c3f4bc9278_repeat_1,EC-NAS|16d895d349bc445be9e7b4c3f4bc9278,77090.4,72451.9,72351.54331248041,72459.36
5V9E_16f71e243cd95bd8ae779d1f668fcca6_repeat_1,EC-NAS|16f71e243cd95bd8ae779d1f668fcca6,51944.4,50959.016,54210.10983721126,51890.62
5V9E_1722d153664ff5e17ba2c22719f82a6f_repeat_1,EC-NAS|1722d153664ff5e17ba2c22719f82a6f,80330.40000000001,88356.12,88448.17761704559,91913.984
5V9E_17d5a2cbfe57619a4d44427cabbe086b_repeat_1,EC-NAS|17d5a2cbfe57619a4d44427cabbe086b,88808.4,86867.055,87511.47506354694,86792.03
5V9E_17d670321ff275760fb872c46d9f3c7f_repeat_1,EC-NAS|17d670321ff275760fb872c46d9f3c7f,81388.8,83266.85,83618.55803365381,89963.83
5V9E_1824360558719d992becd9a29566b96d_repeat_1,EC-NAS|1824360558719d992becd9a29566b96d,80560.79999999999,81477.0,81201.32872361041,80587.984
5V9E_183f73d72114dc3d6a17da37e73d8c81_repeat_1,EC-NAS|183f73d72114dc3d6a17da37e73d8c81,56422.8,52574.004,52764.95871561866,52995.453
5V9E_18c1a652bd55d7dfad873c78e3b1a32d_repeat_1,EC-NAS|18c1a652bd55d7dfad873c78e3b1a32d,110930.4,108978.5,108878.18673858362,107280.234
5V9E_191e9f7211faad8db6df67f4e23e689e_repeat_1,EC-NAS|191e9f7211faad8db6df67f4e23e689e,67921.2,63949.56,63252.97890425444,64050.387
5V9E_194a83d5e93f1f9d76d78efa16c9946c_repeat_1,EC-NAS|194a83d5e93f1f9d76d78efa16c9946c,168998.4,166077.84,166425.2844174957,162654.8
5V9E_1b82c143cf95bc50d470e5a800b9732b_repeat_1,EC-NAS|1b82c143cf95bc50d470e5a800b9732b,54788.4,54126.13,54237.40141323489,51616.59
5V9E_1bafa2145f1f3cc8f3fa9f576486eb07_repeat_1,EC-NAS|1bafa2145f1f3cc8f3fa9f576486eb07,114789.6,113865.52,114293.35273531187,106798.11
5V9E_1c005df384d2ad9ab5840d5f6e82262d_repeat_1,EC-NAS|1c005df384d2ad9ab5840d5f6e82262d,98395.2,113706.766,112610.157050132,113684.87
5V9E_1c55c090418392ca8859a64eeced7718_repeat_1,EC-NAS|1c55c090418392ca8859a64eeced7718,81511.2,81477.0,81201.32872361041,80587.984
5V9E_1ca7a0759b04e3e871b9391849ff5914_repeat_1,EC-NAS|1ca7a0759b04e3e871b9391849ff5914,48358.8,46039.734,46129.444360979884,48378.98
5V9E_1cd3075dacd68bc6fd43ba6d2870a431_repeat_1,EC-NAS|1cd3075dacd68bc6fd43ba6d2870a431,215398.8,202841.73,205559.97297305847,216864.39
5V9E_1efdbed8f5c188bedce370d7ea7e13c0_repeat_1,EC-NAS|1efdbed8f5c188bedce370d7ea7e13c0,102038.4,107013.64,107676.1879739713,112626.016
5V9E_1f9b6b112b03dff8eaaf7b7903034ab4_repeat_1,EC-NAS|1f9b6b112b03dff8eaaf7b7903034ab4,104727.6,111026.02,110663.00944577131,118161.86
5V9E_2025ff33654984eba2471bbd7ac116da_repeat_1,EC-NAS|2025ff33654984eba2471bbd7ac116da,114897.6,117781.695,117712.07028005892,118907.27
5V9E_2027ea6e2410ec68a87decefbd04be60_repeat_1,EC-NAS|2027ea6e2410ec68a87decefbd04be60,112168.8,103998.38,103817.47329823837,104914.37
5V9E_2096154153778879c4d0675859962b8f_repeat_1,EC-NAS|2096154153778879c4d0675859962b8f,66434.40000000001,65964.53,66535.6912493242,63123.367
5V9E_215d8d7188d933a99c55019593022df7_repeat_1,EC-NAS|215d8d7188d933a99c55019593022df7,87688.8,91670.98,92075.52455984557,89622.06
5V9E_234ff3b43fee4f90fa92797c8a92edb9_repeat_1,EC-NAS|234ff3b43fee4f90fa92797c8a92edb9,110167.2,108978.5,108878.18673858362,107280.234
5V9E_238f2761bdaa1b2e1f20987fb1158eec_repeat_1,EC-NAS|238f2761bdaa1b2e1f20987fb1158eec,91105.2,102087.375,102439.43985098442,103246.836
5V9E_23b73305578792ff61816b825ef9fd01_repeat_1,EC-NAS|23b73305578792ff61816b825ef9fd01,93693.6,94121.69,94673.41581216404,93445.7
5V9E_2485968812182b5dfd61941eb114b284_repeat_1,EC-NAS|2485968812182b5dfd61941eb114b284,76114.79999999999,80805.625,81412.66939766197,76797.21
5V9E_25329402a3c39227d00fb50a37e1627f_repeat_1,EC-NAS|25329402a3c39227d00fb50a37e1627f,94474.8,84791.016,83543.68741319615,85068.99
5V9E_253813d10efe635f740ed211dc2294e2_repeat_1,EC-NAS|253813d10efe635f740ed211dc2294e2,66229.2,66219.74,69130.63829191557,61906.684
5V9E_2798124b286b373e728d3f653af6138c_repeat_1,EC-NAS|2798124b286b373e728d3f653af6138c,98722.8,95322.86,94888.53947203323,100710.06
5V9E_294f793855d893227608ffd1eaa55b8f_repeat_1,EC-NAS|294f793855d893227608ffd1eaa55b8f,54648.0,48625.25,48831.152427217574,52663.33
5V9E_2a279cca9ddde05d3897cf7c63738b0b_repeat_1,EC-NAS|2a279cca9ddde05d3897cf7c63738b0b,91504.8,88220.39,88812.32310097419,91759.49
5V9E_2a35126f9c56c4a405ad5f2f6dca6289_repeat_1,EC-NAS|2a35126f9c56c4a405ad5f2f6dca6289,41716.8,44102.65,43996.006672387164,46052.47
5V9E_2a6786067a9721ae67856389bd4fe2e9_repeat_1,EC-NAS|2a6786067a9721ae67856389bd4fe2e9,85161.6,87139.46,85858.366643454,91915.305
5V9E_2ac78281eac50103d02253ae4100ddcc_repeat_1,EC-NAS|2ac78281eac50103d02253ae4100ddcc,162615.6,163530.31,162929.24362744452,176762.03
5V9E_2b6c0dcaf57799d7cc379d6b5e5f845f_repeat_1,EC-NAS|2b6c0dcaf57799d7cc379d6b5e5f845f,84031.20000000001,78874.97,78524.98599672322,77870.734
5V9E_2b8960211644c6102363bb39e5bb828d_repeat_1,EC-NAS|2b8960211644c6102363bb39e5bb828d,70581.59999999999,70760.234,70064.61620811456,68055.38
5V9E_2bee415b30c832f8cc79989fd6219762_repeat_1,EC-NAS|2bee415b30c832f8cc79989fd6219762,88347.6,83448.98,80819.88471816108,83730.94
5V9E_2c1f59f85c471854008feebbec5a5e18_repeat_1,EC-NAS|2c1f59f85c471854008feebbec5a5e18,77436.0,88331.43,88283.29490934001,87966.92
5V9E_2c6f7607c2613faaf4c9fef942507834_repeat_1,EC-NAS|2c6f7607c2613faaf4c9fef942507834,89121.6,101461.43,101463.02966895826,98714.2
5V9E_2c812e980e30c94ebad33d7e7e01d152_repeat_1,EC-NAS|2c812e980e30c94ebad33d7e7e01d152,103168.8,105107.85,106155.01500315811,104867.75
5V9E_2c8fcf98fd91f1584dfc5d2a3ab4b5b2_repeat_1,EC-NAS|2c8fcf98fd91f1584dfc5d2a3ab4b5b2,84016.8,90868.19,91784.46567927579,87666.09
5V9E_2d1409194cea3350cb491374aada43df_repeat_1,EC-NAS|2d1409194cea3350cb491374aada43df,175276.80000000002,183687.64,182497.07757706085,187190.03
5V9E_2d348586222f4fa2a5dd59b2c4101707_repeat_1,EC-NAS|2d348586222f4fa2a5dd59b2c4101707,95950.8,78913.72,79171.06616897004,91068.59
5V9E_2d3d516098ec2923a963a4974c38ac27_repeat_1,EC-NAS|2d3d516098ec2923a963a4974c38ac27,187056.0,185521.22,184921.4551748593,196435.23
5V9E_2d85f91f079797ebf4250b42e76de44d_repeat_1,EC-NAS|2d85f91f079797ebf4250b42e76de44d,144885.59999999998,140360.89,140474.6368786794,144859.83
5V9E_2eaa6d69b8e1fb02e8c011238206a6dd_repeat_1,EC-NAS|2eaa6d69b8e1fb02e8c011238206a6dd,102297.6,111265.37,111355.40810126848,117646.086
5V9E_2ecbc1ad7b41e6e4e7d6ae345bc641bf_repeat_1,EC-NAS|2ecbc1ad7b41e6e4e7d6ae345bc641bf,99108.0,93191.89,95925.73704446104,101011.33
5V9E_2f0e3ffd9e4576589b4a0a21bf2bf01d_repeat_1,EC-NAS|2f0e3ffd9e4576589b4a0a21bf2bf01d,77756.4,73961.91,73517.82730191184,73349.586
5V9E_2f33a88eeac53b44d66426500e321a28_repeat_1,EC-NAS|2f33a88eeac53b44d66426500e321a28,138708.0,148599.61,148468.3565850374,154987.03
5V9E_2fe205caa2fb33e783c8e89b0b289458_repeat_1,EC-NAS|2fe205caa2fb33e783c8e89b0b289458,30002.4,27651.209,29991.53592264793,31949.023
5V9E_3083947e128a434ba299eafa9e9e3a4a_repeat_1,EC-NAS|3083947e128a434ba299eafa9e9e3a4a,106376.4,100584.805,100757.51731754249,103807.53
5V9E_30dd9fa0bf18f4f21176d098a4e59bc5_repeat_1,EC-NAS|30dd9fa0bf18f4f21176d098a4e59bc5,111211.2,101323.35,100755.6992950294,101976.445
5V9E_3145793bb105a529b3e195b022107991_repeat_1,EC-NAS|3145793bb105a529b3e195b022107991,188787.6,209584.23,209076.1684427293,208846.8
5V9E_317c10384e935bfa0a187f59aa1fd4ef_repeat_1,EC-NAS|317c10384e935bfa0a187f59aa1fd4ef,103388.4,95539.016,95338.88727860947,97631.25
5V9E_31cf2198a6262ef9604cced0ae9b30f0_repeat_1,EC-NAS|31cf2198a6262ef9604cced0ae9b30f0,77468.4,77267.68,77318.52170365273,75879.69
5V9E_31d1039b23e8e5454fcc96406b9c94e5_repeat_1,EC-NAS|31d1039b23e8e5454fcc96406b9c94e5,52056.0,51588.39,52789.71578875589,54847.945
5V9E_3283061ebb976602b31602ffe86eef8b_repeat_1,EC-NAS|3283061ebb976602b31602ffe86eef8b,102718.8,101461.43,101463.02966895826,98714.2
5V9E_32af6dd3ec87da634a923d131ff52318_repeat_1,EC-NAS|32af6dd3ec87da634a923d131ff52318,88848.0,93830.234,91541.71238686219,94220.75
5V9E_3376541da921d226548290ba1e4f9819_repeat_1,EC-NAS|3376541da921d226548290ba1e4f9819,194097.6,186423.62,186932.03536484312,184759.88
5V9E_33a8a53e06109b989ac1659b7bad04ed_repeat_1,EC-NAS|33a8a53e06109b989ac1659b7bad04ed,90957.6,87427.47,87890.21704685317,90022.97
5V9E_33d2a114f6385661657c44b49cc83815_repeat_1,EC-NAS|33d2a114f6385661657c44b49cc83815,89604.0,91391.12,89893.50516084839,96905.1
5V9E_34f2156217bff33aeee997c20af27b3e_repeat_1,EC-NAS|34f2156217bff33aeee997c20af27b3e,40550.4,39394.863,39279.98176402239,42327.117
5V9E_354b9b10b231b02418b19bf26aff3923_repeat_1,EC-NAS|354b9b10b231b02418b19bf26aff3923,79189.2,84791.016,83543.68741319615,85068.99
5V9E_35599e7425d7a5bc9d6a9053ff6e82db_repeat_1,EC-NAS|35599e7425d7a5bc9d6a9053ff6e82db,45198.0,46153.594,46328.959835969916,44242.637
5V9E_35fd3817805e512e6b33d566a619bfcc_repeat_1,EC-NAS|35fd3817805e512e6b33d566a619bfcc,66902.4,65775.695,64930.90939968553,72669.05
5V9E_360c5a72d4d54ca959f72d1563cee230_repeat_1,EC-NAS|360c5a72d4d54ca959f72d1563cee230,71992.79999999999,80667.11,80123.2365885305,84732.25
5V9E_36767ce30bb17bcad6e8032d5de02dd5_repeat_1,EC-NAS|36767ce30bb17bcad6e8032d5de02dd5,88707.6,90868.19,91777.953872902,87587.625
5V9E_36b3cc764eaa574995aa5e7e18a8122c_repeat_1,EC-NAS|36b3cc764eaa574995aa5e7e18a8122c,111625.2,108978.5,108878.18673858362,107280.234
5V9E_3835552b2806f980e414bef37786ea06_repeat_1,EC-NAS|3835552b2806f980e414bef37786ea06,66999.59999999999,78760.94,79056.48012657627,83176.445
5V9E_3961430127ce7fcd8c84fab593f6ddd2_repeat_1,EC-NAS|3961430127ce7fcd8c84fab593f6ddd2,122979.6,118474.305,117918.53082030993,121119.62
5V9E_3aff97b85dfb85c6e1a3395bd9bbc7d4_repeat_1,EC-NAS|3aff97b85dfb85c6e1a3395bd9bbc7d4,92293.2,104050.56,104215.90281787574,113457.84
5V9E_3c282af26d69cbb5c5caa785514f14b9_repeat_1,EC-NAS|3c282af26d69cbb5c5caa785514f14b9,171900.0,166077.84,166425.2844174957,162654.8
5V9E_3d5650889d956cfe8eabaae3348a8002_repeat_1,EC-NAS|3d5650889d956cfe8eabaae3348a8002,88246.8,91670.98,92075.52455984557,89622.06
5V9E_3d74ae878fcda25146a15637a890ca1e_repeat_1,EC-NAS|3d74ae878fcda25146a15637a890ca1e,77716.8,81477.0,81201.32872361041,80587.984
5V9E_3f6a2a01c50fbb2ff40be92e65bdf2af_repeat_1,EC-NAS|3f6a2a01c50fbb2ff40be92e65bdf2af,71150.4,70139.625,73275.86182144184,69784.47
5V9E_3fbf770303e3f2664379f45df119ad99_repeat_1,EC-NAS|3fbf770303e3f2664379f45df119ad99,79765.2,79566.11,79455.43747623604,79710.19
5V9E_3fccef40b0533fa8fe79daa4b0c2f663_repeat_1,EC-NAS|3fccef40b0533fa8fe79daa4b0c2f663,76590.0,74756.58,74417.1568600919,78783.93
5V9E_3fecc83954930d475fc20bd9a9b5d03f_repeat_1,EC-NAS|3fecc83954930d475fc20bd9a9b5d03f,117572.4,122418.86,122789.35283069055,127713.2
5V9E_401eb44af73f8acf6ae523b285d94db8_repeat_1,EC-NAS|401eb44af73f8acf6ae523b285d94db8,77425.2,75916.02,75477.08477697366,77721.53
5V9E_404fb5b8b90bbc8b3bd0f239f967da64_repeat_1,EC-NAS|404fb5b8b90bbc8b3bd0f239f967da64,98254.8,87763.63,88210.00528408862,95993.38
5V9E_406d18ca39f0ec0a49814d0fc056d101_repeat_1,EC-NAS|406d18ca39f0ec0a49814d0fc056d101,103827.6,94110.65,95981.11655900098,98405.805
5V9E_40c3beb632f71b0472e91ac149a383bd_repeat_1,EC-NAS|40c3beb632f71b0472e91ac149a383bd,116985.6,128737.22,128160.51671941027,130815.32
5V9E_40c7e75eb0e70f4b56fa4ba792369301_repeat_1,EC-NAS|40c7e75eb0e70f4b56fa4ba792369301,66459.6,62533.293,63445.40844238699,63732.746
5V9E_4121f52fa76e4c9d17f3f5584fcb191b_repeat_1,EC-NAS|4121f52fa76e4c9d17f3f5584fcb191b,78642.0,73847.73,73362.8894062547,74061.5
5V9E_413412aaf9f29de900f50313bbfeabaf_repeat_1,EC-NAS|413412aaf9f29de900f50313bbfeabaf,129312.0,125437.83,125226.90270712938,124401.37
5V9E_42155784c0c762a27429a3776fa14bcc_repeat_1,EC-NAS|42155784c0c762a27429a3776fa14bcc,65376.0,65714.375,62077.07256066877,64158.355
5V9E_4296bb95bd78375c046cb69dfb52c233_repeat_1,EC-NAS|4296bb95bd78375c046cb69dfb52c233,94896.0,87139.46,88093.90279329213,91881.3
5V9E_4370511cbc6cec4852328108738cba9b_repeat_1,EC-NAS|4370511cbc6cec4852328108738cba9b,65343.6,67883.61,68354.84576519724,71402.6
5V9E_43b122d4cabed6d2627b3143182f6c2c_repeat_1,EC-NAS|43b122d4cabed6d2627b3143182f6c2c,56613.6,54879.13,55080.6410255339,56893.48
5V9E_43f1af73f8f4281ead162539fee3bed9_repeat_1,EC-NAS|43f1af73f8f4281ead162539fee3bed9,147762.0,149799.67,149154.69730143878,159384.67
5V9E_4418bfb2d840e8ff3a880ec87e879afe_repeat_1,EC-NAS|4418bfb2d840e8ff3a880ec87e879afe,56451.6,58713.727,60451.2784096946,56657.676
5V9E_448d40c806ba0e3cb4bb3e34ac9357a5_repeat_1,EC-NAS|448d40c806ba0e3cb4bb3e34ac9357a5,93175.2,104050.56,104215.90281787574,113457.84
5V9E_45ec844bf18f54747b049e71bfabf052_repeat_1,EC-NAS|45ec844bf18f54747b049e71bfabf052,107010.0,114195.25,114015.25657762367,108613.484
5V9E_460732b8cc4232be19b38ff8fcfc0ac6_repeat_1,EC-NAS|460732b8cc4232be19b38ff8fcfc0ac6,97444.8,94094.05,95103.09554147928,91177.83
5V9E_46f13b63c646c1eddebca0c303233688_repeat_1,EC-NAS|46f13b63c646c1eddebca0c303233688,71924.4,68819.2,69523.75109870368,68105.445
5V9E_485943408e2aa972c421eee9a185d7fa_repeat_1,EC-NAS|485943408e2aa972c421eee9a185d7fa,73792.8,73961.91,73517.82730191184,73349.586
5V9E_48639354ed018a3391cb87b4e5155e33_repeat_1,EC-NAS|48639354ed018a3391cb87b4e5155e33,188121.6,185521.22,184921.4551748593,196435.23
5V9E_492e0db64f30a5fbeed9c0c9d4e67f30_repeat_1,EC-NAS|492e0db64f30a5fbeed9c0c9d4e67f30,68054.40000000001,72451.9,72351.54331248041,72459.36
5V9E_4940f71200da09cfb007c571af4c9f69_repeat_1,EC-NAS|4940f71200da09cfb007c571af4c9f69,96044.4,95539.016,95338.88727860947,97631.25
5V9E_4aead7a3a029b3fd6675e8b5d2ec2852_repeat_1,EC-NAS|4aead7a3a029b3fd6675e8b5d2ec2852,36381.6,39394.863,39279.98176402239,42327.117
5V9E_4afa9d3ef63015c27ef02ff8bf8a9f6f_repeat_1,EC-NAS|4afa9d3ef63015c27ef02ff8bf8a9f6f,83674.8,86296.57,82098.78765243007,91837.15
5V9E_4c07d1ee7ff5118692b9b30793121ff5_repeat_1,EC-NAS|4c07d1ee7ff5118692b9b30793121ff5,83563.2,89500.95,88700.64416575844,89688.414
5V9E_4c4550d905651df1578ab082c76d6eb7_repeat_1,EC-NAS|4c4550d905651df1578ab082c76d6eb7,107287.2,109945.9,110284.25834962199,115259.29
5V9E_4cf10a39ca36d9e92862b6f14f22b311_repeat_1,EC-NAS|4cf10a39ca36d9e92862b6f14f22b311,50403.6,46153.594,46328.959835969916,44242.637
5V9E_4dbb998ec2f1ee3b02584a5cb2591b58_repeat_1,EC-NAS|4dbb998ec2f1ee3b02584a5cb2591b58,68540.4,63201.195,63124.21469037608,69499.01
5V9E_4dd016be19b2f9407dd2aa5caa866a5e_repeat_1,EC-NAS|4dd016be19b2f9407dd2aa5caa866a5e,85633.2,84270.16,84544.07699468506,85795.016
5V9E_4e3dab7a2fd5f327867b603deba8a226_repeat_1,EC-NAS|4e3dab7a2fd5f327867b603deba8a226,79448.4,79854.3,79028.27301863533,87073.914
5V9E_4e67963454ee05f080ee6e8d44c018df_repeat_1,EC-NAS|4e67963454ee05f080ee6e8d44c018df,75013.20000000001,72451.9,72351.54331248041,72459.36
5V9E_4e8715655d4f3ee387e6129cc9591715_repeat_1,EC-NAS|4e8715655d4f3ee387e6129cc9591715,61898.4,62089.62,59965.84013620782,65927.67
5V9E_4e8c746940c6e7d1700dc05118b9dda4_repeat_1,EC-NAS|4e8c746940c6e7d1700dc05118b9dda4,126014.4,124759.586,124751.84656115688,125441.77
5V9E_501c0939f35eeb40e26baf1c9910f08b_repeat_1,EC-NAS|501c0939f35eeb40e26baf1c9910f08b,85165.2,87935.38,87728.94304927417,88638.766
5V9E_50c389ee789bf9a653f5adf06d48eb58_repeat_1,EC-NAS|50c389ee789bf9a653f5adf06d48eb58,145886.4,144654.12,144921.71080831406,140423.95
5V9E_50cac08545cadbd307df45b142aa8d68_repeat_1,EC-NAS|50cac08545cadbd307df45b142aa8d68,83415.6,83476.99,85052.79753412386,85836.67
5V9E_51ea81891b396df39d5a6b334371e603_repeat_1,EC-NAS|51ea81891b396df39d5a6b334371e603,68893.20000000001,67880.82,67929.54905787884,67280.59
5V9E_521bd7fec71a6af4804bce55c1266f76_repeat_1,EC-NAS|521bd7fec71a6af4804bce55c1266f76,122734.8,118267.266,118598.98288108462,122686.27
5V9E_5268f45fe7cd2d6ba8d9e8513100d1d0_repeat_1,EC-NAS|5268f45fe7cd2d6ba8d9e8513100d1d0,65394.0,65121.5,65733.79305114795,66750.32
5V9E_529d37700ebe8ec1fc1bf204acaf424f_repeat_1,EC-NAS|529d37700ebe8ec1fc1bf204acaf424f,118350.0,132707.95,132826.8196799074,138154.2
5V9E_53563d47a409cc7eb1b12e1b06a07042_repeat_1,EC-NAS|53563d47a409cc7eb1b12e1b06a07042,82742.40000000001,82245.44,80434.75486654717,86672.92
5V9E_535f6c91985990080c50a1ff23413f4e_repeat_1,EC-NAS|535f6c91985990080c50a1ff23413f4e,97412.4,97485.17,95984.70283040898,97556.05
5V9E_53694c51ca339e8e479cea0f4b7aa00e_repeat_1,EC-NAS|53694c51ca339e8e479cea0f4b7aa00e,92656.8,94121.69,94673.41581216404,93445.7
5V9E_53e4dd31498adcab4c3ee34dbca6632e_repeat_1,EC-NAS|53e4dd31498adcab4c3ee34dbca6632e,110257.2,102254.38,102552.58340965703,107194.63
5V9E_543ff24efdd2ab29ab1cb2276f7234ba_repeat_1,EC-NAS|543ff24efdd2ab29ab1cb2276f7234ba,71964.0,68884.67,69165.79462991809,68145.66
5V9E_5498ba534c256c9d086596e2b51cf170_repeat_1,EC-NAS|5498ba534c256c9d086596e2b51cf170,59594.4,57603.62,57161.483029259995,63653.902
5V9E_54b9916e43cd6831e0d6edbf9da53006_repeat_1,EC-NAS|54b9916e43cd6831e0d6edbf9da53006,88524.0,84270.16,84544.07699468506,85795.016
5V9E_550627f646ebc034e2ab3f47bd952231_repeat_1,EC-NAS|550627f646ebc034e2ab3f47bd952231,59562.0,69575.34,70074.03961376837,74012.92
5V9E_55119a0693ce3be4fa85d3a46436c86e_repeat_1,EC-NAS|55119a0693ce3be4fa85d3a46436c86e,62442.0,72451.9,72351.54331248041,72459.36
5V9E_56795e73559f77076aab455daefed726_repeat_1,EC-NAS|56795e73559f77076aab455daefed726,116769.6,132707.95,132826.8196799074,138154.2
5V9E_56fdfb00eba0279b0357c5457af8d8b3_repeat_1,EC-NAS|56fdfb00eba0279b0357c5457af8d8b3,121874.4,121089.82,120184.45399766036,118493.74
5V9E_570023437b25a6a3402891f958b1b381_repeat_1,EC-NAS|570023437b25a6a3402891f958b1b381,110818.8,111265.37,111355.40810126848,117646.086
5V9E_575ee185e93b272fa9002426a536d77c_repeat_1,EC-NAS|575ee185e93b272fa9002426a536d77c,74026.8,72451.9,72351.54331248041,72459.36
5V9E_5773c2e09d7594c88945cf4e51efcad2_repeat_1,EC-NAS|5773c2e09d7594c88945cf4e51efcad2,133808.4,125337.14,126819.49177909679,127162.28
5V9E_57857dc30912643a5dfa6594e1b0182d_repeat_1,EC-NAS|57857dc30912643a5dfa6594e1b0182d,41079.6,43152.457,42938.4596067159,42754.938
5V9E_583d63e247a65c989be35eeab5e776dd_repeat_1,EC-NAS|583d63e247a65c989be35eeab5e776dd,122529.6,141487.8,141476.16115483086,139352.81
5V9E_5895321bfa72f3fef81b19d58ac64caa_repeat_1,EC-NAS|5895321bfa72f3fef81b19d58ac64caa,145148.4,142862.53,143131.22732402498,142336.9
5V9E_58c64257f68454155b0c0d13cc538d85_repeat_1,EC-NAS|58c64257f68454155b0c0d13cc538d85,61182.0,64702.336,63972.09703353884,72010.2
5V9E_5bb99afe31b2965b0a58ffe1eeae8a50_repeat_1,EC-NAS|5bb99afe31b2965b0a58ffe1eeae8a50,109584.0,104592.586,103862.41712942849,105921.12
5V9E_5bfc07b95c0cf6ad1346bc5838008372_repeat_1,EC-NAS|5bfc07b95c0cf6ad1346bc5838008372,118980.0,108673.69,109537.47563947034,110895.125
5V9E_5e3bdb1beea75eaf8558bfb037cb810e_repeat_1,EC-NAS|5e3bdb1beea75eaf8558bfb037cb810e,59583.6,63924.254,67901.47080990697,70439.67
5V9E_5e4076488032f06ffae0135e26528784_repeat_1,EC-NAS|5e4076488032f06ffae0135e26528784,109447.2,104630.59,105209.20136883295,93674.57
5V9E_5f2d0bb0b94c82a70f50b2bedd114691_repeat_1,EC-NAS|5f2d0bb0b94c82a70f50b2bedd114691,70009.2,74943.03,75240.16901644687,76018.4
5V9E_5f638579d6556ddb58e073bfa6e9718e_repeat_1,EC-NAS|5f638579d6556ddb58e073bfa6e9718e,169135.2,168792.97,168432.6377557808,181320.23
5V9E_5f9b81ff73dfca5e678520f89fb06cf1_repeat_1,EC-NAS|5f9b81ff73dfca5e678520f89fb06cf1,46357.2,46039.734,46129.444360979884,48378.98
5V9E_6024ba0a7385450b4eb8fdc0c925cd18_repeat_1,EC-NAS|6024ba0a7385450b4eb8fdc0c925cd18,85827.6,86019.586,89869.01129760944,81968.79
5V9E_6121a9c53be4670899be1b8e2d6917f3_repeat_1,EC-NAS|6121a9c53be4670899be1b8e2d6917f3,75553.2,79844.625,80778.71049293422,85626.055
5V9E_6332d1d2c6ffb029ae1b320f34a1243c_repeat_1,EC-NAS|6332d1d2c6ffb029ae1b320f34a1243c,79218.0,58618.11,55743.81421414362,62914.34
5V9E_645b7346a6f9221bdc0f8b27b0cad558_repeat_1,EC-NAS|645b7346a6f9221bdc0f8b27b0cad558,69098.4,65237.68,64177.36093524572,65357.492
5V9E_6482aef3be7a1a478ec3f550a0504bd1_repeat_1,EC-NAS|6482aef3be7a1a478ec3f550a0504bd1,50688.0,52574.004,52764.95871561866,52995.453
5V9E_650ca59f412c73a5bf6e38c401bf9a03_repeat_1,EC-NAS|650ca59f412c73a5bf6e38c401bf9a03,81334.79999999999,76963.36,77549.67845026251,77276.59
5V9E_650d5b7864b08898629b1934f8c8e84f_repeat_1,EC-NAS|650d5b7864b08898629b1934f8c8e84f,87084.0,84241.71,84124.00163722242,82884.57
5V9E_6616b4e567888bd3ed8e7c23c9e42f7e_repeat_1,EC-NAS|6616b4e567888bd3ed8e7c23c9e42f7e,57794.4,57973.754,58910.574073698655,58313.67
5V9E_6634a6ce83c228948107a9f5731bb58b_repeat_1,EC-NAS|6634a6ce83c228948107a9f5731bb58b,93794.4,85572.1,82460.94925059183,85446.92
5V9E_66a0485d7e82761b6df2bd7d7242bbce_repeat_1,EC-NAS|66a0485d7e82761b6df2bd7d7242bbce,110970.0,125337.14,126819.49177909679,127162.28
5V9E_673e162f517593c61ab2c3ce2cd7fdec_repeat_1,EC-NAS|673e162f517593c61ab2c3ce2cd7fdec,64134.0,65714.375,66975.05835703117,63955.23
5V9E_675777ecb1daff61b6917d833406cb82_repeat_1,EC-NAS|675777ecb1daff61b6917d833406cb82,89596.8,85881.3,79855.01352544012,81519.67
5V9E_67848998fa467b5229586bebd43ff6bc_repeat_1,EC-NAS|67848998fa467b5229586bebd43ff6bc,67654.8,70726.3,71883.42569860286,72825.56
5V9E_684fb53429fd73b835cb8d409a621955_repeat_1,EC-NAS|684fb53429fd73b835cb8d409a621955,117921.6,114195.25,114015.25657762367,108613.484
5V9E_6867411c4e9018acd8a041178f8a6ce5_repeat_1,EC-NAS|6867411c4e9018acd8a041178f8a6ce5,86454.0,91670.98,92075.52455984557,89622.06
5V9E_68b7eb6620ccdd9bb61ab8e70f57ef26_repeat_1,EC-NAS|68b7eb6620ccdd9bb61ab8e70f57ef26,169268.4,165186.0,165788.28134946089,166517.31
5V9E_693367c6276ffe799e089d461f6bcddb_repeat_1,EC-NAS|693367c6276ffe799e089d461f6bcddb,95187.6,94497.65,94518.74184691263,94070.36
5V9E_699f6092088beae1a18d26bd1731bf65_repeat_1,EC-NAS|699f6092088beae1a18d26bd1731bf65,102549.6,102254.38,102552.58340965703,107194.63
5V9E_6a33163d3ad3dc6fa9ae3390237d55a2_repeat_1,EC-NAS|6a33163d3ad3dc6fa9ae3390237d55a2,67464.0,63023.035,66210.32281630891,67064.96
5V9E_6a93f0007d00fff90ff1677ef215f0e8_repeat_1,EC-NAS|6a93f0007d00fff90ff1677ef215f0e8,65498.4,64155.844,64289.03860863339,64508.38
5V9E_6aabdc2f8df20e82c24c79be46921553_repeat_1,EC-NAS|6aabdc2f8df20e82c24c79be46921553,75056.4,72451.9,72351.54331248041,72459.36
5V9E_6ae2cacfa42afa41b1514a0f526f309a_repeat_1,EC-NAS|6ae2cacfa42afa41b1514a0f526f309a,67273.2,74756.58,74417.1568600919,78783.93
5V9E_6b679c58fe7f5c0d67a7c4e7d9a9599f_repeat_1,EC-NAS|6b679c58fe7f5c0d67a7c4e7d9a9599f,109684.8,111265.37,111355.40810126848,117646.086
5V9E_6b871f67a713f0830f8cfe82ebb507ec_repeat_1,EC-NAS|6b871f67a713f0830f8cfe82ebb507ec,57384.0,63846.938,57679.63816448428,65152.684
5V9E_6c248b16b61c943a69c4a427de4b4586_repeat_1,EC-NAS|6c248b16b61c943a69c4a427de4b4586,98510.4,101096.72,99074.02750524107,96472.17
5V9E_6c3891bbcb556109f21bb4ca1af788aa_repeat_1,EC-NAS|6c3891bbcb556109f21bb4ca1af788aa,56116.8,60793.754,60820.94821519056,61935.62
5V9E_6c51b01633902590c0499b8558700fd2_repeat_1,EC-NAS|6c51b01633902590c0499b8558700fd2,96782.4,106622.555,106932.0836712403,104896.86
5V9E_6cbecb09b5e261f5c151cfa47e31c2ab_repeat_1,EC-NAS|6cbecb09b5e261f5c151cfa47e31c2ab,112539.6,105450.93,104865.29082950499,110976.586
5V9E_6daf747e2d6714f179af4e31cf1a793a_repeat_1,EC-NAS|6daf747e2d6714f179af4e31cf1a793a,83782.79999999999,84270.16,84544.07699468506,85795.016
5V9E_6de42855626a78dc1b39ca5526586adf_repeat_1,EC-NAS|6de42855626a78dc1b39ca5526586adf,55533.6,52574.004,52764.95871561866,52995.453
5V9E_6e906fc81eddbb0a91b7e74fb27e670b_repeat_1,EC-NAS|6e906fc81eddbb0a91b7e74fb27e670b,94816.8,94121.69,94673.41581216404,93445.7
5V9E_6ed519887232b15a95c625ad0b2c1bb1_repeat_1,EC-NAS|6ed519887232b15a95c625ad0b2c1bb1,78757.2,76741.94,75842.56249881399,84633.96
5V9E_6ef623eb47fa5a4d2e3f7edfa49932fb_repeat_1,EC-NAS|6ef623eb47fa5a4d2e3f7edfa49932fb,180507.6,185521.22,184921.4551748593,196435.23
5V9E_6f48005bc58b0d617774f07eda48f319_repeat_1,EC-NAS|6f48005bc58b0d617774f07eda48f319,78004.8,82002.33,80235.04653047892,86537.22
5V9E_6f6257bc3b12d87b8736e81cd4b7ed8b_repeat_1,EC-NAS|6f6257bc3b12d87b8736e81cd4b7ed8b,53762.4,59210.418,58635.10471964497,50205.28
5V9E_6fe713c8e178da8e05df1c52ba8a609b_repeat_1,EC-NAS|6fe713c8e178da8e05df1c52ba8a609b,49572.0,58775.297,62380.586473459414,56173.344
5V9E_6ff6e0373ad7141aae35e05710066a0b_repeat_1,EC-NAS|6ff6e0373ad7141aae35e05710066a0b,74358.0,64664.4,64965.61159179654,71819.195
5V9E_6ff8ad4528b12c38b16626adf6171af2_repeat_1,EC-NAS|6ff8ad4528b12c38b16626adf6171af2,86644.8,85195.24,88235.10580716161,86834.26
5V9E_7049d7f6c934c8ea5cd6d40ffb937385_repeat_1,EC-NAS|7049d7f6c934c8ea5cd6d40ffb937385,77115.59999999999,75916.02,75477.08477697366,77721.53
5V9E_7054f4b7dd4db1016c7517f33f2303b6_repeat_1,EC-NAS|7054f4b7dd4db1016c7517f33f2303b6,45536.4,47090.043,46475.170783964684,54825.668
5V9E_7084d1b42ce59663c81180c03650f806_repeat_1,EC-NAS|7084d1b42ce59663c81180c03650f806,73094.4,70406.63,69980.06199903676,71537.016
5V9E_70c3ec5c2de73473dc93d468da7765ff_repeat_1,EC-NAS|70c3ec5c2de73473dc93d468da7765ff,84470.4,79854.3,79028.27301863533,87073.914
5V9E_70e2de86d2d7661bdc08bd83429dee6d_repeat_1,EC-NAS|70e2de86d2d7661bdc08bd83429dee6d,151696.80000000002,162481.16,162673.9176715992,164361.02
5V9E_715e999758baa5ccd755f5069a2b7e84_repeat_1,EC-NAS|715e999758baa5ccd755f5069a2b7e84,51217.2,57973.754,58910.574073698655,58313.67
5V9E_71702962753e818e4501fa6b430a48d3_repeat_1,EC-NAS|71702962753e818e4501fa6b430a48d3,188488.8,184490.31,184332.9469579301,177820.3
5V9E_720553bacb23b8b75cffe2655ab267ce_repeat_1,EC-NAS|720553bacb23b8b75cffe2655ab267ce,61635.600000000006,50308.76,51210.45420548413,60804.54
5V9E_723cbb3562e7d6f18043143450900c74_repeat_1,EC-NAS|723cbb3562e7d6f18043143450900c74,164073.6,151899.75,147301.17223130973,157131.2
5V9E_7310eac9405e3dc6c67e337bd70d0205_repeat_1,EC-NAS|7310eac9405e3dc6c67e337bd70d0205,84276.0,94121.69,94673.41581216404,93445.7
5V9E_734d552ec86ba61f9e0b4c7218e5042a_repeat_1,EC-NAS|734d552ec86ba61f9e0b4c7218e5042a,86781.59999999999,85889.49,88235.20883437872,75417.67
5V9E_7352c88e4d521fe33ff4bb1137bf36c0_repeat_1,EC-NAS|7352c88e4d521fe33ff4bb1137bf36c0,76766.4,74943.03,75240.16901644687,76018.4
5V9E_74397a0a2ab0b7d1fccd9be8925a636c_repeat_1,EC-NAS|74397a0a2ab0b7d1fccd9be8925a636c,93499.2,95539.016,95338.88727860947,97631.25
5V9E_74a37da75b221f5c129d0ecc99b69127_repeat_1,EC-NAS|74a37da75b221f5c129d0ecc99b69127,97383.6,94497.65,94518.74184691263,94070.36
5V9E_7652117cafbfe2e123496ffb9ffd1348_repeat_1,EC-NAS|7652117cafbfe2e123496ffb9ffd1348,130680.0,125337.14,126819.49177909679,127162.28
5V9E_771a888531d1c59b6c81308ef2a8dad7_repeat_1,EC-NAS|771a888531d1c59b6c81308ef2a8dad7,100918.8,101461.43,101463.02966895826,98714.2
5V9E_777a8a001378568059692f05697956ad_repeat_1,EC-NAS|777a8a001378568059692f05697956ad,101260.8,109738.27,109662.85154673,112140.18
5V9E_77cb31b196bc46d0f6873b8022a1716a_repeat_1,EC-NAS|77cb31b196bc46d0f6873b8022a1716a,58132.8,49315.223,49205.865299972196,54963.617
5V9E_7860e01c72bc410852a79808468f9bdd_repeat_1,EC-NAS|7860e01c72bc410852a79808468f9bdd,89366.4,94110.65,90733.96184401578,98443.445
5V9E_786421170a04816661e1066ff43a2df7_repeat_1,EC-NAS|786421170a04816661e1066ff43a2df7,79549.2,80198.12,80618.72072437732,79405.71
5V9E_78680755096937cbe9bd72f4c6014e84_repeat_1,EC-NAS|78680755096937cbe9bd72f4c6014e84,85993.2,83846.805,80924.88539273122,83963.234
5V9E_78a591d975771d42eb353bbb8fc11211_repeat_1,EC-NAS|78a591d975771d42eb353bbb8fc11211,114246.0,108565.33,108270.81834249554,107698.17
5V9E_78b73fe76a163ab7aa959afeddae78aa_repeat_1,EC-NAS|78b73fe76a163ab7aa959afeddae78aa,89600.40000000001,102087.375,102439.43985098442,103246.836
5V9E_78e264120b42829179e711a1bee1fd97_repeat_1,EC-NAS|78e264120b42829179e711a1bee1fd97,91648.8,90568.15,89590.41617847713,82239.79
5V9E_78e4b93fb21089ad4406086cd40fd4b1_repeat_1,EC-NAS|78e4b93fb21089ad4406086cd40fd4b1,118184.4,119122.695,117257.13063267674,135009.72
5V9E_79dfff8e369abfc08130f3df77e991cc_repeat_1,EC-NAS|79dfff8e369abfc08130f3df77e991cc,73188.0,72148.85,72359.11419264707,72961.055
5V9E_79e556b652ec33ab6f69b8e6501ab154_repeat_1,EC-NAS|79e556b652ec33ab6f69b8e6501ab154,75420.0,84791.016,83543.68741319615,85068.99
5V9E_7a80a2564dc525f68362a93759508772_repeat_1,EC-NAS|7a80a2564dc525f68362a93759508772,62629.2,64066.58,63671.44435581412,55104.7
5V9E_7a9f4b2b5a5bbea132897ec926ef7271_repeat_1,EC-NAS|7a9f4b2b5a5bbea132897ec926ef7271,84628.8,95539.016,95338.88727860947,97631.25
5V9E_7be8934ff1bab26fb6f22857c3586331_repeat_1,EC-NAS|7be8934ff1bab26fb6f22857c3586331,125625.6,125337.14,126819.49177909679,127162.28
5V9E_7bfcb823c7b45ab2b32b3ece101cebf6_repeat_1,EC-NAS|7bfcb823c7b45ab2b32b3ece101cebf6,91998.0,100325.66,100134.01654007756,98396.14
5V9E_7c65f6bd01b87407734781b6038050bc_repeat_1,EC-NAS|7c65f6bd01b87407734781b6038050bc,61905.6,57855.777,56581.3274427299,59821.773
5V9E_7c9cac0ec83026e41cd16708e50a9810_repeat_1,EC-NAS|7c9cac0ec83026e41cd16708e50a9810,86360.4,80057.82,79792.42733282936,77831.68
5V9E_7d75c5e19b8ba821d35c2ae3077e19dc_repeat_1,EC-NAS|7d75c5e19b8ba821d35c2ae3077e19dc,80413.2,88383.76,88644.41217838084,89321.88
5V9E_7da6f8b2fa9fc021071a28621aaef776_repeat_1,EC-NAS|7da6f8b2fa9fc021071a28621aaef776,76831.2,75916.02,75477.08477697366,77721.53
5V9E_7de223b2f53b11ec2ef71e4732253b51_repeat_1,EC-NAS|7de223b2f53b11ec2ef71e4732253b51,56595.6,46039.734,46129.444360979884,48378.98
5V9E_7ee2bdc0a01eb9a8ff9aa88c59634214_repeat_1,EC-NAS|7ee2bdc0a01eb9a8ff9aa88c59634214,61624.8,66340.79,67801.88515681998,66737.08
5V9E_7fa718ab3791e8e498ee5239cf61b6f7_repeat_1,EC-NAS|7fa718ab3791e8e498ee5239cf61b6f7,89668.8,81477.0,81201.32872361041,80587.984
5V9E_806de34edcef48ced064834e26e29fc2_repeat_1,EC-NAS|806de34edcef48ced064834e26e29fc2,165002.4,162481.16,162673.9176715992,164361.02
5V9E_807867bd931b14cbbbd261a8dc4237b7_repeat_1,EC-NAS|807867bd931b14cbbbd261a8dc4237b7,73357.2,75707.29,75887.28186371426,76999.41
5V9E_80ad935d4722a32b3fe83d7d1e790ede_repeat_1,EC-NAS|80ad935d4722a32b3fe83d7d1e790ede,110109.6,124759.586,124751.84656115688,125441.77
5V9E_80c3c5ff69e9aa581464e562ef991943_repeat_1,EC-NAS|80c3c5ff69e9aa581464e562ef991943,132084.0,133423.69,133619.8359066792,133724.19
5V9E_81f5a40841c2dfc0dcad2cf76c88e80e_repeat_1,EC-NAS|81f5a40841c2dfc0dcad2cf76c88e80e,38606.4,36575.6,38623.96183473687,42477.348
5V9E_820ec13f301e1957e69dc793a57cf0be_repeat_1,EC-NAS|820ec13f301e1957e69dc793a57cf0be,65602.8,74756.58,74417.1568600919,78783.93
5V9E_821fa1bcb600b593adf257cdb6cd1351_repeat_1,EC-NAS|821fa1bcb600b593adf257cdb6cd1351,111571.2,121592.86,121251.04375320967,133258.62
5V9E_8281c36a30ad3bf43b716a6a4a5416cb_repeat_1,EC-NAS|8281c36a30ad3bf43b716a6a4a5416cb,115250.4,121089.82,120184.45399766036,118493.74
5V9E_82cbd3e13b0a92b484eb8a01c548dec5_repeat_1,EC-NAS|82cbd3e13b0a92b484eb8a01c548dec5,73281.59999999999,76854.36,76384.80235761323,77024.375
5V9E_82cfb9b8c695165ae3d73cac266e794f_repeat_1,EC-NAS|82cfb9b8c695165ae3d73cac266e794f,79113.59999999999,80847.71,80659.95079451134,80821.58
5V9E_836995d3cefd675186abbf1ce3962a60_repeat_1,EC-NAS|836995d3cefd675186abbf1ce3962a60,62823.600000000006,64155.844,64289.03860863339,64508.38
5V9E_83703e11ade9ffa32eaca984c4066245_repeat_1,EC-NAS|83703e11ade9ffa32eaca984c4066245,75261.6,74943.03,75240.16901644687,76018.4
5V9E_852f21047c2aa03cb1fde04587083228_repeat_1,EC-NAS|852f21047c2aa03cb1fde04587083228,108964.8,131283.23,130873.37856573892,121627.42
5V9E_85cec548e4f43454c7f75f06a31bfb91_repeat_1,EC-NAS|85cec548e4f43454c7f75f06a31bfb91,83674.8,88383.76,88644.41217838084,89321.88
5V9E_86d1da647f1f31dde8b6ed5629f25227_repeat_1,EC-NAS|86d1da647f1f31dde8b6ed5629f25227,97722.0,97636.09,98355.31192396978,93819.32
5V9E_870a95e3ccd87b7d35ba44e14738478d_repeat_1,EC-NAS|870a95e3ccd87b7d35ba44e14738478d,70905.6,73202.414,73407.48232030381,71594.75
5V9E_871cb9e60821fb9d8fbe45862d48a8f1_repeat_1,EC-NAS|871cb9e60821fb9d8fbe45862d48a8f1,68421.59999999999,77027.164,78662.39781332455,71136.71
5V9E_876b64e5df88930f25ec16cff23cfef4_repeat_1,EC-NAS|876b64e5df88930f25ec16cff23cfef4,58967.99999999999,66880.88,67700.01283820247,63927.79
5V9E_87b570a974243ea07f977eacdc025c4b_repeat_1,EC-NAS|87b570a974243ea07f977eacdc025c4b,64468.8,62533.293,63445.40844238699,63732.746
5V9E_87ec913ca9b1904d103a649869a8daff_repeat_1,EC-NAS|87ec913ca9b1904d103a649869a8daff,72738.0,74943.03,75240.16901644687,76018.4
5V9E_898ae15d567418c416dc4b507bacd9f9_repeat_1,EC-NAS|898ae15d567418c416dc4b507bacd9f9,60098.4,62170.266,62460.903687343,60224.883
5V9E_89e7e76320aefd0552c1bfa7f0010ec3_repeat_1,EC-NAS|89e7e76320aefd0552c1bfa7f0010ec3,93891.6,107013.64,107676.1879739713,112626.016
5V9E_8a6d6c50e4b6c2af5f82953bc51973a4_repeat_1,EC-NAS|8a6d6c50e4b6c2af5f82953bc51973a4,99878.4,101323.35,100755.6992950294,101976.445
5V9E_8a7eadedb6f1fe61565b27a68b161090_repeat_1,EC-NAS|8a7eadedb6f1fe61565b27a68b161090,50328.0,52574.004,52764.95871561866,52995.453
5V9E_8b0645f510795311bbdf13fbc804cf5a_repeat_1,EC-NAS|8b0645f510795311bbdf13fbc804cf5a,85312.8,95072.29,94196.10454727936,103248.016
5V9E_8b41d6be7b4355f03fda3ce89cfcb436_repeat_1,EC-NAS|8b41d6be7b4355f03fda3ce89cfcb436,81543.6,94121.69,94673.41581216404,93445.7
5V9E_8b9b18d43c82415afd42f9ed17a88eb1_repeat_1,EC-NAS|8b9b18d43c82415afd42f9ed17a88eb1,101073.6,111026.02,110663.00944577131,118161.86
5V9E_8bcd55146e9b935695fe5f19fd08b199_repeat_1,EC-NAS|8bcd55146e9b935695fe5f19fd08b199,113806.8,121089.82,120184.45399766036,118493.74
5V9E_8c190becad86f7cd87955a480622735c_repeat_1,EC-NAS|8c190becad86f7cd87955a480622735c,85449.6,93049.62,92785.17774802142,95843.18
5V9E_8c408de72013023412c462bd14f50f9f_repeat_1,EC-NAS|8c408de72013023412c462bd14f50f9f,95659.2,106692.74,107427.23916899503,105072.07
5V9E_8c9eadfd0bf7e2ac96afe53057b99760_repeat_1,EC-NAS|8c9eadfd0bf7e2ac96afe53057b99760,91000.8,91670.98,92075.52455984557,89622.06
5V9E_8cb3a764fd692371153c2c8503f840e0_repeat_1,EC-NAS|8cb3a764fd692371153c2c8503f840e0,95223.6,100453.664,99878.67553392488,103840.01
5V9E_8d0b342eaf36d959db1f55270629cc6f_repeat_1,EC-NAS|8d0b342eaf36d959db1f55270629cc6f,97621.2,95159.37,95748.01010459883,105370.305
5V9E_8d42a29dc90a11f21d261eb80f67c8f9_repeat_1,EC-NAS|8d42a29dc90a11f21d261eb80f67c8f9,51951.6,56090.797,58981.05606391493,65084.742
5V9E_8ec4c06192d611a8a35dbc4aed34f366_repeat_1,EC-NAS|8ec4c06192d611a8a35dbc4aed34f366,66510.0,64541.117,63954.75774587176,68039.875
5V9E_8f036f5f8a50331d0792d45a9f15b366_repeat_1,EC-NAS|8f036f5f8a50331d0792d45a9f15b366,63799.2,70964.87,66313.1967237997,66962.836
5V9E_8fbc985b47eddbcbae9ab11e5de8980f_repeat_1,EC-NAS|8fbc985b47eddbcbae9ab11e5de8980f,74948.40000000001,82364.51,82931.38125712283,83033.87
5V9E_9018052602458f76ad130860a69da2f5_repeat_1,EC-NAS|9018052602458f76ad130860a69da2f5,81180.0,87063.87,86733.56983162469,87531.92
5V9E_90636326202bbf148410239b8760b870_repeat_1,EC-NAS|90636326202bbf148410239b8760b870,73371.6,79566.11,79455.43747623604,79710.19
5V9E_90c27586a8327162d48ac608a2a069ea_repeat_1,EC-NAS|90c27586a8327162d48ac608a2a069ea,79056.0,75187.87,74103.25604022884,78571.44
5V9E_923f6f017a94c5013c59191cdde55950_repeat_1,EC-NAS|923f6f017a94c5013c59191cdde55950,91569.6,94497.65,94518.74184691263,94070.36
5V9E_924d1133a9fa2704e4c80961c7b55090_repeat_1,EC-NAS|924d1133a9fa2704e4c80961c7b55090,85950.0,94497.65,94518.74184691263,94070.36
5V9E_926d8eaa4130bf68a73dad7fcff093c2_repeat_1,EC-NAS|926d8eaa4130bf68a73dad7fcff093c2,106686.0,103572.18,103202.39876492224,110006.1
5V9E_929863bb2021136b264355a9e51cf05b_repeat_1,EC-NAS|929863bb2021136b264355a9e51cf05b,58190.4,62990.887,63690.227510743316,60895.184
5V9E_92ead01c13737c592461c95b60d14b2f_repeat_1,EC-NAS|92ead01c13737c592461c95b60d14b2f,55756.8,54879.13,55080.6410255339,56893.48
5V9E_939d34d0f394cfa18fbb5027b44d870d_repeat_1,EC-NAS|939d34d0f394cfa18fbb5027b44d870d,78966.0,77091.03,77207.6213959986,77946.82
5V9E_94f52353388f8f190f12dfd267c04dcb_repeat_1,EC-NAS|94f52353388f8f190f12dfd267c04dcb,80053.2,72547.52,72145.0856110853,75492.66
5V9E_95000ce507cc3a679842e61171a9c5be_repeat_1,EC-NAS|95000ce507cc3a679842e61171a9c5be,61394.4,61101.47,60993.85805100941,63220.97
5V9E_95eb822992dfd728bc66538284236bfd_repeat_1,EC-NAS|95eb822992dfd728bc66538284236bfd,93967.2,102087.375,102439.43985098442,103246.836
5V9E_971c63dfe435455c4ae2b5320be49df2_repeat_1,EC-NAS|971c63dfe435455c4ae2b5320be49df2,92826.0,89537.83,88515.15752183323,92035.82
5V9E_97d0e4e2c6056628b5ccdaf94c0c77c6_repeat_1,EC-NAS|97d0e4e2c6056628b5ccdaf94c0c77c6,102114.0,102532.1,101135.24386802928,106698.44
5V9E_97f22bffa74bdca32ff2aff31a90f932_repeat_1,EC-NAS|97f22bffa74bdca32ff2aff31a90f932,36313.2,33547.094,33216.17426899853,34359.734
5V9E_98a097441d65a8c926ef46518722044b_repeat_1,EC-NAS|98a097441d65a8c926ef46518722044b,56595.6,57053.39,56275.367947383624,56892.723
5V9E_98dfddb4bb25be2dc6f77b6d8c831249_repeat_1,EC-NAS|98dfddb4bb25be2dc6f77b6d8c831249,71319.59999999999,80847.71,80659.95079451134,80821.58
5V9E_98f2b37d4a351f4c627c0ae86ecd9f08_repeat_1,EC-NAS|98f2b37d4a351f4c627c0ae86ecd9f08,103536.0,122418.86,122789.35283069055,127713.2
5V9E_9a0404ca5253909b5ab5b01cdbad3871_repeat_1,EC-NAS|9a0404ca5253909b5ab5b01cdbad3871,141912.0,140360.89,140474.6368786794,144859.83
5V9E_9a0e0f03bf1500581e31e674fdd8a2de_repeat_1,EC-NAS|9a0e0f03bf1500581e31e674fdd8a2de,72561.6,67874.55,70243.20819760258,71572.16
5V9E_9ab33b94a2bb0ae833fdc1c6d29d3558_repeat_1,EC-NAS|9ab33b94a2bb0ae833fdc1c6d29d3558,48499.2,50057.215,49655.93483077032,47629.74
5V9E_9af56dde3d531fa58533db00150a6692_repeat_1,EC-NAS|9af56dde3d531fa58533db00150a6692,57866.40000000001,60643.777,59016.28162655767,61066.75
5V9E_9c5d37f14ce5cdde6789bb239b193c47_repeat_1,EC-NAS|9c5d37f14ce5cdde6789bb239b193c47,88693.2,99034.52,95589.83542915848,108994.195
5V9E_9cdb1f8dfbf0bbaa62fd6202f68b31ef_repeat_1,EC-NAS|9cdb1f8dfbf0bbaa62fd6202f68b31ef,56685.6,63846.938,57679.63816448428,65152.684
5V9E_9cff417c45feaa8cc2faa3a11376d42d_repeat_1,EC-NAS|9cff417c45feaa8cc2faa3a11376d42d,108316.8,90747.984,91011.17412947085,95093.32
5V9E_9d1723e2d01b5759fd8c943f93a8766e_repeat_1,EC-NAS|9d1723e2d01b5759fd8c943f93a8766e,86065.2,100766.266,101344.29941227792,99819.555
5V9E_9d4ea93d5a4baee21bda9b250848ed62_repeat_1,EC-NAS|9d4ea93d5a4baee21bda9b250848ed62,104760.0,103572.18,103202.39876492224,110006.1
5V9E_9da16b100408ab76f951af28765c39b5_repeat_1,EC-NAS|9da16b100408ab76f951af28765c39b5,99115.2,104731.42,105438.84930239031,110135.95
5V9E_9df8f3ba3fbcbeac7a3fffc1739f5cc6_repeat_1,EC-NAS|9df8f3ba3fbcbeac7a3fffc1739f5cc6,75823.2,74756.58,74417.1568600919,78783.93
5V9E_9e1ddbf9b17f1a002c8e94326188d965_repeat_1,EC-NAS|9e1ddbf9b17f1a002c8e94326188d965,112377.6,119122.695,117257.13063267674,135009.72
5V9E_9f71850ca18585279cd0f4860a0aed83_repeat_1,EC-NAS|9f71850ca18585279cd0f4860a0aed83,29984.4,27651.209,29991.53592264793,31949.023
5V9E_9fbc9008b74ffec0cbf8b9c3cf1b1c4c_repeat_1,EC-NAS|9fbc9008b74ffec0cbf8b9c3cf1b1c4c,151650.0,148599.61,148468.3565850374,154987.03
5V9E_a0118fe6a77c32c88f6dbe1f99687685_repeat_1,EC-NAS|a0118fe6a77c32c88f6dbe1f99687685,46724.4,49315.223,49205.865299972196,54963.617
5V9E_a0f76a3b02ed1092065c568cc71b9d37_repeat_1,EC-NAS|a0f76a3b02ed1092065c568cc71b9d37,76197.6,75916.02,75477.08477697366,77721.53
5V9E_a16f772ea56343a57deb8f8eaea126c7_repeat_1,EC-NAS|a16f772ea56343a57deb8f8eaea126c7,70653.6,72451.9,72351.54331248041,72459.36
5V9E_a231016611ca0fd1992262e6b788a2cc_repeat_1,EC-NAS|a231016611ca0fd1992262e6b788a2cc,92127.6,104081.03,104221.07791575715,103440.695
5V9E_a29e5842c1f412b4f03ffb1222c17cc0_repeat_1,EC-NAS|a29e5842c1f412b4f03ffb1222c17cc0,93855.6,94121.69,94673.41581216404,93445.7
5V9E_a2ad5d223d38468ec54307471ba91019_repeat_1,EC-NAS|a2ad5d223d38468ec54307471ba91019,80532.0,79854.3,79028.27301863533,87073.914
5V9E_a2bf72fb2862b50b2c94c32c968265ab_repeat_1,EC-NAS|a2bf72fb2862b50b2c94c32c968265ab,95130.0,74066.94,77826.57764021777,84030.2
5V9E_a2f6913b4c0fc5054f83ccb2b4acfb52_repeat_1,EC-NAS|a2f6913b4c0fc5054f83ccb2b4acfb52,77014.8,81477.0,81201.32872361041,80587.984
5V9E_a457c9183365e45f46e540eadb06ac13_repeat_1,EC-NAS|a457c9183365e45f46e540eadb06ac13,81288.0,84270.16,84544.07699468506,85795.016
5V9E_a4f7b93a9c603174458df688a1ee1a72_repeat_1,EC-NAS|a4f7b93a9c603174458df688a1ee1a72,89589.59999999999,91670.98,92075.52455984557,89622.06
5V9E_a50c1648669ad4ee8e6a86bf6958c2b8_repeat_1,EC-NAS|a50c1648669ad4ee8e6a86bf6958c2b8,51627.6,44102.65,43996.006672387164,46052.47
5V9E_a593645decc9ad7bbcc2c5e4beb3d2b4_repeat_1,EC-NAS|a593645decc9ad7bbcc2c5e4beb3d2b4,100897.2,103821.99,104517.58150175966,105288.13
5V9E_a66662d3b37b3150167f6a4afe270786_repeat_1,EC-NAS|a66662d3b37b3150167f6a4afe270786,114534.0,124759.586,124751.84656115688,125441.77
5V9E_a6d50a673185f4234492869e633fe90b_repeat_1,EC-NAS|a6d50a673185f4234492869e633fe90b,47300.4,50057.215,49655.93483077032,47629.74
5V9E_a75631830c3342cdd28580003d2764e3_repeat_1,EC-NAS|a75631830c3342cdd28580003d2764e3,84391.2,80955.65,82059.10142539749,75360.16
5V9E_a7ab9dc4aa12c5635200cdbd77730ea0_repeat_1,EC-NAS|a7ab9dc4aa12c5635200cdbd77730ea0,84394.79999999999,83631.5,81757.5657567055,86498.77
5V9E_a8cf112410fe52bd5c51acffb3c3ee46_repeat_1,EC-NAS|a8cf112410fe52bd5c51acffb3c3ee46,40640.4,45174.38,45307.52883504189,51670.375
5V9E_a985ebe55be99e994a3689533fbe57da_repeat_1,EC-NAS|a985ebe55be99e994a3689533fbe57da,77187.6,86867.055,89001.7956608667,86774.984
5V9E_ac89592da8c019230550d68d20ffe7a6_repeat_1,EC-NAS|ac89592da8c019230550d68d20ffe7a6,52426.8,57053.39,56275.367947383624,56892.723
5V9E_ad2859522901c0c097208bf02b902122_repeat_1,EC-NAS|ad2859522901c0c097208bf02b902122,89290.79999999999,88331.43,88283.29490934001,87966.92
5V9E_ad52c5492d83f94d09c26585a7bd2445_repeat_1,EC-NAS|ad52c5492d83f94d09c26585a7bd2445,63136.8,62461.53,62542.951308328134,65101.195
5V9E_adaa0bbb3eec41da79dc1fb95ed05c74_repeat_1,EC-NAS|adaa0bbb3eec41da79dc1fb95ed05c74,112633.2,104081.03,104221.07791575715,103440.695
5V9E_ae5f31d3b8964da4494b7a40dce7c8d2_repeat_1,EC-NAS|ae5f31d3b8964da4494b7a40dce7c8d2,88261.2,89500.95,88700.64416575844,89688.414
5V9E_aedb0f9f695111f2cf5f949839a6277c_repeat_1,EC-NAS|aedb0f9f695111f2cf5f949839a6277c,110516.4,104731.42,105438.84930239031,110135.95
5V9E_aee408ac42c666104cef833c43908b67_repeat_1,EC-NAS|aee408ac42c666104cef833c43908b67,78116.4,76854.36,76384.80235761323,77024.375
5V9E_b00e42f48333d7fb2308b23364352143_repeat_1,EC-NAS|b00e42f48333d7fb2308b23364352143,94071.6,90747.984,91011.17412947085,95093.32
5V9E_b01e08cce2207cb25b96eed5f75e183c_repeat_1,EC-NAS|b01e08cce2207cb25b96eed5f75e183c,171608.40000000002,161385.3,161083.27881179596,170395.95
5V9E_b0461c9e80eab947d35dcf0c2f1d3017_repeat_1,EC-NAS|b0461c9e80eab947d35dcf0c2f1d3017,92041.2,90467.92,90572.56338836753,91133.75
5V9E_b07fc813959e90a45c9475974d3c39a0_repeat_1,EC-NAS|b07fc813959e90a45c9475974d3c39a0,146016.0,151166.48,151030.68739668204,158409.67
5V9E_b0ce7b01349895717c5821d41a675ac9_repeat_1,EC-NAS|b0ce7b01349895717c5821d41a675ac9,56804.4,52688.695,52471.95522884698,55760.383
5V9E_b1750a490368d6cea709a91d0b12ac29_repeat_1,EC-NAS|b1750a490368d6cea709a91d0b12ac29,64256.4,61841.184,63870.17727909499,60261.48
5V9E_b19477dfee8d56046d1363658830c792_repeat_1,EC-NAS|b19477dfee8d56046d1363658830c792,93715.2,92376.93,93086.95890858403,87924.4
5V9E_b26696c1d671d9f0885296144c8e76e3_repeat_1,EC-NAS|b26696c1d671d9f0885296144c8e76e3,91688.4,89956.37,88428.15415135566,92946.47
5V9E_b317c5c512b895db16b9924215ccbeb3_repeat_1,EC-NAS|b317c5c512b895db16b9924215ccbeb3,101628.0,104266.62,103904.32751026526,104333.26
5V9E_b42496c2ea055923a51b1719f381d499_repeat_1,EC-NAS|b42496c2ea055923a51b1719f381d499,98157.6,95442.21,95430.51322624268,94299.23
5V9E_b55775b4e393270aaf6446f09775974d_repeat_1,EC-NAS|b55775b4e393270aaf6446f09775974d,77202.0,74756.58,74417.1568600919,78783.93
5V9E_b614793f5b3b2bbc4dbb2732e7569850_repeat_1,EC-NAS|b614793f5b3b2bbc4dbb2732e7569850,94942.8,95539.016,95338.88727860947,97631.25
5V9E_b62ec6f77ecf31088e1e4730c6e81f9d_repeat_1,EC-NAS|b62ec6f77ecf31088e1e4730c6e81f9d,82659.59999999999,70986.33,71089.74655970166,70997.695
5V9E_b7fc649dfde2964b3f79520f094be940_repeat_1,EC-NAS|b7fc649dfde2964b3f79520f094be940,51415.2,52574.004,52764.95871561866,52995.453
5V9E_b81d2b5a951aff5f772c9e5b0be8db25_repeat_1,EC-NAS|b81d2b5a951aff5f772c9e5b0be8db25,147340.8,144654.12,144921.71080831406,140423.95
5V9E_b87de9b43093c049904012e54eddea8d_repeat_1,EC-NAS|b87de9b43093c049904012e54eddea8d,83181.6,91670.98,92075.52455984557,89622.06
5V9E_b8f8a274a3602342b8b9cedc08687ae0_repeat_1,EC-NAS|b8f8a274a3602342b8b9cedc08687ae0,61041.6,62533.293,63445.40844238699,63732.746
5V9E_b9f7000e55a3adc7b70fd4334c74d4b2_repeat_1,EC-NAS|b9f7000e55a3adc7b70fd4334c74d4b2,185688.0,190621.17,189415.08502406513,190128.44
5V9E_ba4ec75b2b4c68a375c1e1b7cc10f9fb_repeat_1,EC-NAS|ba4ec75b2b4c68a375c1e1b7cc10f9fb,70185.59999999999,74743.39,71957.0706108952,74151.82
5V9E_bac2efb9df41e589e726ddfd29ac9738_repeat_1,EC-NAS|bac2efb9df41e589e726ddfd29ac9738,63540.0,67269.81,64523.01517736224,61078.047
5V9E_bc05148076ca46b4f713ba598d56d2ac_repeat_1,EC-NAS|bc05148076ca46b4f713ba598d56d2ac,86554.79999999999,86964.45,87956.95019203782,75399.766
5V9E_bcb71c5bbc7f2bf742fda5193dabd515_repeat_1,EC-NAS|bcb71c5bbc7f2bf742fda5193dabd515,74142.0,75916.02,75477.08477697366,77721.53
5V9E_bcd0471bc7eb24ef5d3f5bd786161c37_repeat_1,EC-NAS|bcd0471bc7eb24ef5d3f5bd786161c37,78184.8,75916.02,75477.08477697366,77721.53
5V9E_bcdd8291406808c843b87193b2120a00_repeat_1,EC-NAS|bcdd8291406808c843b87193b2120a00,83530.8,80847.71,80659.95079451134,80821.58
5V9E_bd90eaeb2d4879b83f2d95771b3af983_repeat_1,EC-NAS|bd90eaeb2d4879b83f2d95771b3af983,91915.2,93906.33,89603.10154299125,87483.85
5V9E_be1924b6e6f1da486360922465d5eb3d_repeat_1,EC-NAS|be1924b6e6f1da486360922465d5eb3d,55724.4,54879.13,55080.6410255339,56893.48
5V9E_be43018f9db0e45958cc91fab56ba2c8_repeat_1,EC-NAS|be43018f9db0e45958cc91fab56ba2c8,85158.0,77091.03,77207.6213959986,77946.82
5V9E_bebc5576d7d2ea4c790774b12c0839c2_repeat_1,EC-NAS|bebc5576d7d2ea4c790774b12c0839c2,43099.2,48446.527,50391.21638561183,54618.066
5V9E_bebf9ff9e280af60b96b91c93f94f2e4_repeat_1,EC-NAS|bebf9ff9e280af60b96b91c93f94f2e4,90212.4,90747.984,91011.17412947085,95093.32
5V9E_bed0664cd033875b2f5059277b8d1a9e_repeat_1,EC-NAS|bed0664cd033875b2f5059277b8d1a9e,83653.2,81477.0,81201.32872361041,80587.984
5V9E_bf09220e8f6b8438f8d90f14a72294de_repeat_1,EC-NAS|bf09220e8f6b8438f8d90f14a72294de,76975.20000000001,70966.29,71034.58270253433,71569.56
5V9E_bf23bd6a747112d030ad99196572a06a_repeat_1,EC-NAS|bf23bd6a747112d030ad99196572a06a,66085.2,76963.36,78862.57214331532,77316.41
5V9E_bf33bdf32cf061f344f4eb19e319ab2a_repeat_1,EC-NAS|bf33bdf32cf061f344f4eb19e319ab2a,102571.2,95539.016,95338.88727860947,97631.25
5V9E_bf430ef7ce12f7f2515286be9a63e563_repeat_1,EC-NAS|bf430ef7ce12f7f2515286be9a63e563,79995.6,81477.0,81201.32872361041,80587.984
5V9E_c014d2ea49963f66d9acee88cc165624_repeat_1,EC-NAS|c014d2ea49963f66d9acee88cc165624,60703.2,62541.227,61727.13962674137,68558.945
5V9E_c089bcc353cbc170d969017ba75716df_repeat_1,EC-NAS|c089bcc353cbc170d969017ba75716df,78490.8,69450.91,67951.97572932397,68750.26
5V9E_c15f2bcef481ce0c4974d9c13fd0f615_repeat_1,EC-NAS|c15f2bcef481ce0c4974d9c13fd0f615,51829.2,52688.695,52471.95522884698,55760.383
5V9E_c1cbd1900be252f0b2747d17b6eaf1d9_repeat_1,EC-NAS|c1cbd1900be252f0b2747d17b6eaf1d9,60058.8,62533.293,63445.40844238699,63732.746
5V9E_c27da7177e5ac504001d727bde6be012_repeat_1,EC-NAS|c27da7177e5ac504001d727bde6be012,82584.0,75579.82,76375.30581020236,73967.055
5V9E_c282d3b713e67747dfb1143c4d991a00_repeat_1,EC-NAS|c282d3b713e67747dfb1143c4d991a00,89402.4,87427.47,87890.21704685317,90022.97
5V9E_c2832d1e31cbe6718792eaad83898997_repeat_1,EC-NAS|c2832d1e31cbe6718792eaad83898997,62010.0,65333.062,65522.287725844835,66973.24
5V9E_c3363ad5e5c5c9db8596f6f85897d602_repeat_1,EC-NAS|c3363ad5e5c5c9db8596f6f85897d602,110188.8,103998.38,103817.47329823837,104914.37
5V9E_c49e4ac9841c77d6b5c8868bf48f8829_repeat_1,EC-NAS|c49e4ac9841c77d6b5c8868bf48f8829,56376.0,54879.13,55080.6410255339,56893.48
5V9E_c52338ce90fe83a2cf00da22020f1bc7_repeat_1,EC-NAS|c52338ce90fe83a2cf00da22020f1bc7,63860.4,62541.227,61727.13962674137,68558.945
5V9E_c54a4831f6c893673ead390d3d544426_repeat_1,EC-NAS|c54a4831f6c893673ead390d3d544426,83948.4,76854.36,76384.80235761323,77024.375
5V9E_c596dbf90860424f45073c2bea3f511f_repeat_1,EC-NAS|c596dbf90860424f45073c2bea3f511f,67356.0,72875.24,71757.84011656513,80452.14
5V9E_c6705a91351a406fb50dd5d79bb718f3_repeat_1,EC-NAS|c6705a91351a406fb50dd5d79bb718f3,95731.2,82616.49,84731.7677043722,84232.48
5V9E_c68128e32b3c48cfeaaf0a766d6e49fe_repeat_1,EC-NAS|c68128e32b3c48cfeaaf0a766d6e49fe,80416.8,73149.516,73890.38249420267,76062.125
5V9E_c771d2cee59f8fcafbbd979331fab93c_repeat_1,EC-NAS|c771d2cee59f8fcafbbd979331fab93c,214426.8,202912.55,203612.3640933414,222365.31
5V9E_c782d1c66c64956ac8e3e4a69bbf364d_repeat_1,EC-NAS|c782d1c66c64956ac8e3e4a69bbf364d,90896.4,70986.33,71089.74655970166,70997.695
5V9E_c79ab67b59abd0c4103bf4df2714d5e6_repeat_1,EC-NAS|c79ab67b59abd0c4103bf4df2714d5e6,110692.8,102036.86,104351.06539458876,97368.57
5V9E_c7c282d3e0d0531952cb882e0997c202_repeat_1,EC-NAS|c7c282d3e0d0531952cb882e0997c202,101480.4,89858.27,90588.16529234749,90314.914
5V9E_c86974daf13990391e81aa133ff89818_repeat_1,EC-NAS|c86974daf13990391e81aa133ff89818,145537.19999999998,149799.67,149154.69730143878,159384.67
5V9E_c8758e17492cfbb97cb94d2f41a50e91_repeat_1,EC-NAS|c8758e17492cfbb97cb94d2f41a50e91,120528.0,121592.86,121251.04375320967,133258.62
5V9E_c887c45af759a358d9eb4191c87f7610_repeat_1,EC-NAS|c887c45af759a358d9eb4191c87f7610,103917.6,107108.8,100565.62288070512,104825.76
5V9E_c999d52625d3b2267cde86f21c7d8943_repeat_1,EC-NAS|c999d52625d3b2267cde86f21c7d8943,84632.4,80198.12,80618.72072437732,79405.71
5V9E_c9ae550f3476ff7aff2ecfcc51a11333_repeat_1,EC-NAS|c9ae550f3476ff7aff2ecfcc51a11333,173894.4,165186.0,165788.28134946089,166517.31
5V9E_c9edd3ba7e7bb36a69fe695a6c19b162_repeat_1,EC-NAS|c9edd3ba7e7bb36a69fe695a6c19b162,60411.600000000006,57690.484,57223.98591057063,52888.562
5V9E_ca8614a3a3c669ac1753e0d7f8a5a8f7_repeat_1,EC-NAS|ca8614a3a3c669ac1753e0d7f8a5a8f7,58291.2,58123.17,57812.80001004158,63504.56
5V9E_cadfae8b3fbe174b6960711ca5e4d4c2_repeat_1,EC-NAS|cadfae8b3fbe174b6960711ca5e4d4c2,142045.19999999998,144152.84,143449.89999832722,154123.73
5V9E_cb22906f90ae0089d0d8050aaef91298_repeat_1,EC-NAS|cb22906f90ae0089d0d8050aaef91298,82411.2,83904.164,83567.71387076825,79846.305
5V9E_cb75762e5971ea3cdccb647d2fb3c5ba_repeat_1,EC-NAS|cb75762e5971ea3cdccb647d2fb3c5ba,80503.2,75916.02,75477.08477697366,77721.53
5V9E_cc46f18bda4e396c989680f741fab700_repeat_1,EC-NAS|cc46f18bda4e396c989680f741fab700,84294.0,82282.78,73281.8122937082,86827.3
5V9E_cc6d064ee40945e1653c745ed30ac9e7_repeat_1,EC-NAS|cc6d064ee40945e1653c745ed30ac9e7,79617.6,71426.58,71607.0793183639,77649.96
5V9E_ccb3be4f3a5a26f06c9b5a866bfec035_repeat_1,EC-NAS|ccb3be4f3a5a26f06c9b5a866bfec035,183740.4,186423.62,186932.03536484312,184759.88
5V9E_cd3ef8ccc1407bedece72bc94bd41997_repeat_1,EC-NAS|cd3ef8ccc1407bedece72bc94bd41997,135162.0,144152.84,143449.89999832722,154123.73
5V9E_cd9f6a377acb0d756ab3eb46f3f2286c_repeat_1,EC-NAS|cd9f6a377acb0d756ab3eb46f3f2286c,198550.8,185521.22,184921.4551748593,196435.23
5V9E_ce80ca4911c14602f370237dbbf72cf8_repeat_1,EC-NAS|ce80ca4911c14602f370237dbbf72cf8,123512.4,118474.305,117918.53082030993,121119.62
5V9E_ce9bc2765d63f261e5ad257382c09e92_repeat_1,EC-NAS|ce9bc2765d63f261e5ad257382c09e92,69570.0,66837.14,62765.33196489941,57334.406
5V9E_cef7bc97d34211add3e80068dd478853_repeat_1,EC-NAS|cef7bc97d34211add3e80068dd478853,69012.0,60793.754,60820.94821519056,61935.62
5V9E_cf401ffe8f6595f807934cf9f62f127f_repeat_1,EC-NAS|cf401ffe8f6595f807934cf9f62f127f,187264.8,184490.31,184332.9469579301,177820.3
5V9E_cf404457b72da0769eeb25e115f571c8_repeat_1,EC-NAS|cf404457b72da0769eeb25e115f571c8,82738.8,79837.695,81290.75897352336,85660.36
5V9E_d1269d9156ddc027c40473008192958a_repeat_1,EC-NAS|d1269d9156ddc027c40473008192958a,44607.6,56306.465,53239.704285010965,57789.33
5V9E_d2e1236cec99783bda51f4a3631fa4fa_repeat_1,EC-NAS|d2e1236cec99783bda51f4a3631fa4fa,85147.2,92492.49,92949.7824351772,92724.87
5V9E_d359c3110a26fadd4bc7bb599437752f_repeat_1,EC-NAS|d359c3110a26fadd4bc7bb599437752f,80809.20000000001,74349.24,74283.42160809271,72038.71
5V9E_d3d908eee72c89f6f1fec9f89d7369c1_repeat_1,EC-NAS|d3d908eee72c89f6f1fec9f89d7369c1,77821.2,79566.11,79455.43747623604,79710.19
5V9E_d418c70430e907fc86f4c54c8c46e0ee_repeat_1,EC-NAS|d418c70430e907fc86f4c54c8c46e0ee,61513.2,63846.938,57679.63816448428,65152.684
5V9E_d4495ac57e21db4422e5b4acf008dd07_repeat_1,EC-NAS|d4495ac57e21db4422e5b4acf008dd07,66304.8,75707.29,75887.28186371426,76999.41
5V9E_d513e0208531f61c3c012a81e1b4c541_repeat_1,EC-NAS|d513e0208531f61c3c012a81e1b4c541,110127.6,103998.38,103817.47329823837,104914.37
5V9E_d53dc2b3d3ef7250cf879175a96b0fd5_repeat_1,EC-NAS|d53dc2b3d3ef7250cf879175a96b0fd5,117360.0,108893.414,110007.13518611352,107644.67
5V9E_d5736abba8e9a2df38d15aabd7d57ea6_repeat_1,EC-NAS|d5736abba8e9a2df38d15aabd7d57ea6,66196.8,63366.44,64332.37936419167,75573.836
5V9E_d651772609955555e7a4e837f88a3d44_repeat_1,EC-NAS|d651772609955555e7a4e837f88a3d44,92113.2,84791.016,83543.68741319615,85068.99
5V9E_d6a9598c0a8af57bf1cf9ac4e8b81750_repeat_1,EC-NAS|d6a9598c0a8af57bf1cf9ac4e8b81750,59515.2,54646.51,55568.35434990592,62846.816
5V9E_d7d93331c5d09df66b163b6e8a61aa77_repeat_1,EC-NAS|d7d93331c5d09df66b163b6e8a61aa77,152287.2,133860.97,134163.54341792653,135824.88
5V9E_d8500b33a42735f03f4fe62eb27dceb8_repeat_1,EC-NAS|d8500b33a42735f03f4fe62eb27dceb8,74941.2,67536.586,67725.04383324477,69632.695
5V9E_d96606f36e9ee9ae4b23ae68d62ef8a3_repeat_1,EC-NAS|d96606f36e9ee9ae4b23ae68d62ef8a3,95850.0,87935.38,87728.94304927417,88638.766
5V9E_d98327d9be1f6affbab42b130965f1a9_repeat_1,EC-NAS|d98327d9be1f6affbab42b130965f1a9,98560.8,108978.5,108878.18673858362,107280.234
5V9E_d9e199c0b69ef43e93a946be79483432_repeat_1,EC-NAS|d9e199c0b69ef43e93a946be79483432,191016.0,184490.31,184332.9469579301,177820.3
5V9E_da09b12075e2d090c2b646861180047f_repeat_1,EC-NAS|da09b12075e2d090c2b646861180047f,75024.0,80198.12,80618.72072437732,79405.71
5V9E_da1e0f34ab147096bf45cb73050b86c2_repeat_1,EC-NAS|da1e0f34ab147096bf45cb73050b86c2,66452.4,62461.53,62542.951308328134,65101.195
5V9E_da97e09581402a416ec5513e20e1bd10_repeat_1,EC-NAS|da97e09581402a416ec5513e20e1bd10,70610.4,80198.12,80618.72072437732,79405.71
5V9E_dadd1a28e4d698ec2d7f8559a5a6d0f1_repeat_1,EC-NAS|dadd1a28e4d698ec2d7f8559a5a6d0f1,77216.4,71743.14,74111.93353025115,77578.91
5V9E_daf274adb00423ee83f9739b3f38af3b_repeat_1,EC-NAS|daf274adb00423ee83f9739b3f38af3b,53895.6,63488.69,65344.995523219935,64308.438
5V9E_db1025224f65fe728a41b07b8ddcc9d7_repeat_1,EC-NAS|db1025224f65fe728a41b07b8ddcc9d7,100706.4,88356.12,88448.17761704559,91913.984
5V9E_dc94c412f6673b7e6d46f17314e68ea8_repeat_1,EC-NAS|dc94c412f6673b7e6d46f17314e68ea8,64249.2,64714.805,64684.906536686205,69759.25
5V9E_ddc173cb67401aa75964c1f3cf5c2ba5_repeat_1,EC-NAS|ddc173cb67401aa75964c1f3cf5c2ba5,83462.4,80198.12,80618.72072437732,79405.71
5V9E_de05b970dfda935a72fb23007c333140_repeat_1,EC-NAS|de05b970dfda935a72fb23007c333140,123562.8,128737.22,128160.51671941027,130815.32
5V9E_de7f2c26234fdd46a07577ea38bd8f10_repeat_1,EC-NAS|de7f2c26234fdd46a07577ea38bd8f10,96458.4,86867.055,87817.60310002003,86790.79
5V9E_dea114f90173e88f7656aef4085ac4e4_repeat_1,EC-NAS|dea114f90173e88f7656aef4085ac4e4,129790.8,126440.586,123129.08391235126,120410.85
5V9E_dfe52db72e1a7bb2c2c64169d779dbda_repeat_1,EC-NAS|dfe52db72e1a7bb2c2c64169d779dbda,72810.0,80198.12,80618.72072437732,79405.71
5V9E_e03687f460a3ae2e1c3f56caffe31ce8_repeat_1,EC-NAS|e03687f460a3ae2e1c3f56caffe31ce8,91515.6,87918.195,91297.27755737549,82493.27
5V9E_e082a7497736de1e796c5383eb9d88f1_repeat_1,EC-NAS|e082a7497736de1e796c5383eb9d88f1,68616.0,64541.117,63954.75774587176,68039.875
5V9E_e0abcaacb07a8ae78c27c1d1f2a03acc_repeat_1,EC-NAS|e0abcaacb07a8ae78c27c1d1f2a03acc,74599.2,72482.234,71105.47574101655,78033.62
5V9E_e1aeb470572477cf15b1bd3644d59370_repeat_1,EC-NAS|e1aeb470572477cf15b1bd3644d59370,83703.6,80198.12,80618.72072437732,79405.71
5V9E_e1f19266715d98e5a401ade28cca20c2_repeat_1,EC-NAS|e1f19266715d98e5a401ade28cca20c2,75837.6,84270.16,84544.07699468506,85795.016
5V9E_e29eb3c4908e520f32576f050ee2ba56_repeat_1,EC-NAS|e29eb3c4908e520f32576f050ee2ba56,85338.0,88331.43,88283.29490934001,87966.92
5V9E_e3f654efcc95e22861bcd3c6308e692e_repeat_1,EC-NAS|e3f654efcc95e22861bcd3c6308e692e,102402.0,97996.45,92537.2940655186,96406.78
5V9E_e41b30a0f4b1e15990b09891a4cb0be0_repeat_1,EC-NAS|e41b30a0f4b1e15990b09891a4cb0be0,90874.8,103173.11,102818.43737798961,102869.62
5V9E_e4c6dbcf55cae25268c414a0bdc621ec_repeat_1,EC-NAS|e4c6dbcf55cae25268c414a0bdc621ec,35312.4,40131.17,37832.13776729131,46237.348
5V9E_e55ef639bf391d66b8eb4eae07811f14_repeat_1,EC-NAS|e55ef639bf391d66b8eb4eae07811f14,75513.6,67880.82,67929.54905787884,67280.59
5V9E_e773a7a186b03b0957d57fed0f4d014a_repeat_1,EC-NAS|e773a7a186b03b0957d57fed0f4d014a,32288.4,27919.643,30676.90696720596,40831.06
5V9E_e7cc87a6864e0e56bcecada83c2fd80c_repeat_1,EC-NAS|e7cc87a6864e0e56bcecada83c2fd80c,80431.2,73149.516,73890.38249420267,76062.125
5V9E_e833ee7d095f08dab909f662e32a5296_repeat_1,EC-NAS|e833ee7d095f08dab909f662e32a5296,225334.8,202841.73,205559.97297305847,216864.39
5V9E_e9f1cbec20cf9b95e0bd17f8ff876d69_repeat_1,EC-NAS|e9f1cbec20cf9b95e0bd17f8ff876d69,106189.2,89956.37,88428.15415135566,92946.47
5V9E_ea8c14742d27cfe9920ecd49d4fa68fd_repeat_1,EC-NAS|ea8c14742d27cfe9920ecd49d4fa68fd,83905.20000000001,71626.445,74691.8900297953,80212.04
5V9E_eaf968bafbd6ed3827a637743f1024b6_repeat_1,EC-NAS|eaf968bafbd6ed3827a637743f1024b6,104104.8,101323.35,100755.6992950294,101976.445
5V9E_eb6c90e7da8c48e839ee9dadcf95848c_repeat_1,EC-NAS|eb6c90e7da8c48e839ee9dadcf95848c,155106.0,144654.12,144921.71080831406,140423.95
5V9E_ed56282d8e234fa03130e028474f57f8_repeat_1,EC-NAS|ed56282d8e234fa03130e028474f57f8,83232.0,76963.36,77549.67845026251,77276.59
5V9E_ed6dc696e5452f4e335ed0bb88b269fc_repeat_1,EC-NAS|ed6dc696e5452f4e335ed0bb88b269fc,68734.8,62533.293,63445.40844238699,63732.746
5V9E_ede6b7807bc8f766f9c0c41587929e77_repeat_1,EC-NAS|ede6b7807bc8f766f9c0c41587929e77,197960.4,200039.47,200594.65606342346,189865.34
5V9E_ee4d186e7eb6755c6263d98631221bba_repeat_1,EC-NAS|ee4d186e7eb6755c6263d98631221bba,129859.2,126440.586,123129.08391235126,120410.85
5V9E_ee5f0aae324f18461d6c74a7cee4d7f0_repeat_1,EC-NAS|ee5f0aae324f18461d6c74a7cee4d7f0,165466.8,158869.45,159336.48253189278,160929.3
5V9E_ee80700d1bd9ec627175e605a810876d_repeat_1,EC-NAS|ee80700d1bd9ec627175e605a810876d,82915.2,85165.11,84622.61163544115,86381.625
5V9E_eece4d93c3c6f84d9bc38d1d366bb301_repeat_1,EC-NAS|eece4d93c3c6f84d9bc38d1d366bb301,138661.2,125337.14,126819.49177909679,127162.28
5V9E_ef1459e9496c85cf89fc329a5e5d79af_repeat_1,EC-NAS|ef1459e9496c85cf89fc329a5e5d79af,126244.8,125437.83,125226.90270712938,124401.37
5V9E_ef44c651301d0e3c268e626a14eb7c71_repeat_1,EC-NAS|ef44c651301d0e3c268e626a14eb7c71,68421.59999999999,61841.184,63870.17727909499,60261.48
5V9E_ef48e128abd15e37628468a05b551f2e_repeat_1,EC-NAS|ef48e128abd15e37628468a05b551f2e,218912.4,209584.23,209076.1684427293,208846.8
5V9E_efb424374d66a4621c9f9f5554e5d60a_repeat_1,EC-NAS|efb424374d66a4621c9f9f5554e5d60a,91616.4,74332.086,76687.76674462853,77713.98
5V9E_f01746601f3200d854e1dfcc82fd9adb_repeat_1,EC-NAS|f01746601f3200d854e1dfcc82fd9adb,79038.0,70986.33,71089.74655970166,70997.695
5V9E_f0694a6a497a0736476a820197ca26ed_repeat_1,EC-NAS|f0694a6a497a0736476a820197ca26ed,135824.4,120141.64,120364.78966333352,119065.45
5V9E_f09a1b5745263648000ae032e40d0cf3_repeat_1,EC-NAS|f09a1b5745263648000ae032e40d0cf3,96544.8,91670.98,92075.52455984557,89622.06
5V9E_f1682f08f0baf2fcb2ae86dfa71bbd08_repeat_1,EC-NAS|f1682f08f0baf2fcb2ae86dfa71bbd08,58334.4,52688.695,52471.95522884698,55760.383
5V9E_f2fedb2cc4050df494bfe42c0bf69a0b_repeat_1,EC-NAS|f2fedb2cc4050df494bfe42c0bf69a0b,113716.8,124591.58,124569.32571224196,129551.07
5V9E_f38ab0035dd663d9ca00679b81603494_repeat_1,EC-NAS|f38ab0035dd663d9ca00679b81603494,111553.2,103173.11,102818.43737798961,102869.62
5V9E_f4625f4d279e75c1e7a03274a4f96f78_repeat_1,EC-NAS|f4625f4d279e75c1e7a03274a4f96f78,69321.59999999999,63488.69,59277.06000176626,64268.465
5V9E_f4de324bebe9871012eb313f872ec756_repeat_1,EC-NAS|f4de324bebe9871012eb313f872ec756,83599.2,82364.51,82931.38125712283,83033.87
5V9E_f4f70a97275d1c8636268845a5167803_repeat_1,EC-NAS|f4f70a97275d1c8636268845a5167803,73036.8,75707.29,75887.28186371426,76999.41
5V9E_f5ebc10da59d1863d7f775f08dc4acbd_repeat_1,EC-NAS|f5ebc10da59d1863d7f775f08dc4acbd,176112.0,163530.31,162929.24362744452,176762.03
5V9E_f6ccc55f9228fa8e8aa3b89b2ffbaa7d_repeat_1,EC-NAS|f6ccc55f9228fa8e8aa3b89b2ffbaa7d,81072.0,84270.16,84544.07699468506,85795.016
5V9E_f719f87fc76f013c185499842419a538_repeat_1,EC-NAS|f719f87fc76f013c185499842419a538,79304.4,84241.71,84124.00163722242,82884.57
5V9E_f85405c14c3d4599018f5790849c8286_repeat_1,EC-NAS|f85405c14c3d4599018f5790849c8286,53460.0,52574.004,52764.95871561866,52995.453
5V9E_f89762252adf9e056b62e047c020653e_repeat_1,EC-NAS|f89762252adf9e056b62e047c020653e,104450.4,101937.555,104027.91195971578,105043.516
5V9E_f89f33a165607c1760b13a7ecf84ec3e_repeat_1,EC-NAS|f89f33a165607c1760b13a7ecf84ec3e,106372.8,104266.62,103904.32751026526,104333.26
5V9E_f8c869297df0e56db2a15f41a3300eeb_repeat_1,EC-NAS|f8c869297df0e56db2a15f41a3300eeb,89330.4,88383.76,88644.41217838084,89321.88
5V9E_fb1d906c496017a3f8b8b112acf041fb_repeat_1,EC-NAS|fb1d906c496017a3f8b8b112acf041fb,108946.8,104081.03,104221.07791575715,103440.695
5V9E_fbc6095fef52f64c3f784767e703b8e8_repeat_1,EC-NAS|fbc6095fef52f64c3f784767e703b8e8,110030.4,103998.38,103817.47329823837,104914.37
5V9E_fcc2af2a747f34b2bead512aba98b5fa_repeat_1,EC-NAS|fcc2af2a747f34b2bead512aba98b5fa,102063.6,121994.86,122055.99524431273,118944.24
5V9E_fd4f31fecaf908c3a49bafc5336333e0_repeat_1,EC-NAS|fd4f31fecaf908c3a49bafc5336333e0,104698.8,97184.33,98021.8828830237,109044.31
5V9E_fd87dcc7abdcb1c26bf6f25327b187f6_repeat_1,EC-NAS|fd87dcc7abdcb1c26bf6f25327b187f6,101350.8,104266.62,103904.32751026526,104333.26
5V9E_fe7ff1dcecae2dccf2efaaa5ed62400e_repeat_1,EC-NAS|fe7ff1dcecae2dccf2efaaa5ed62400e,65419.2,61096.92,59749.512715401426,64201.445
5V9E_fef53d84594a57e6ea09dd70657fe764_repeat_1,EC-NAS|fef53d84594a57e6ea09dd70657fe764,59126.4,62541.227,61727.13962674137,68558.945
5V9E_ff5e32ab8020fad79a38bac794d82f81_repeat_1,EC-NAS|ff5e32ab8020fad79a38bac794d82f81,37173.6,40512.605,40743.56276432015,42176.29
5V9E_ff981cf0ea3141f7e93dafeb50766a01_repeat_1,EC-NAS|ff981cf0ea3141f7e93dafeb50766a01,130989.6,125337.14,126819.49177909679,127162.28
5V9E_fff0c9c7d8826ddd949823a245927898_repeat_1,EC-NAS|fff0c9c7d8826ddd949823a245927898,89740.79999999999,83266.85,83618.55803365381,89963.83
